sample,chain type, barcode, CDR3, nReads
toyExample.out_raw_barcode,TCRB,ATCGCCTGGTCACA,CASSPPIWTANTEAFF,5
toyExample.out_raw_barcode,TCRB,ATCGCCTGGTCACA,CASSSGTANQPQHF,1
toyExample.out_raw_barcode,TCRB,TCATTGACTCAGAC,CASSLGSPSGANVLTF,1
toyExample.out_raw_barcode,TCRB,TCATTGACTCAGAC,CASSRGQGVSYEQYF,2
toyExample.out_raw_barcode,TCRB,TCGGCACTGGTAGG,CASSGTVVTGYTF,1
toyExample.out_raw_barcode,TCRB,TCGGCACTGGTAGG,CSVDSVFGYTF,3
toyExample.out_raw_barcode,TCRB,GACAACACTTCCGC,CASSLRPAVQGAEQYF,2
toyExample.out_raw_barcode,TCRB,GACAACACTTCCGC,CASSLVPGATSYEQYF,1
toyExample.out_raw_barcode,TCRB,TTGGTACTTTACTC,CASSLASLAVNTGELFF,4
toyExample.out_raw_barcode,TCRB,TTGGTACTTTACTC,CASSYGTLASSGNTIYF,1
toyExample.out_raw_barcode,TCRB,CTTCTAGATGGTTG,CASSLVTNEQFF,5
toyExample.out_raw_barcode,TCRB,CTTCTAGATGGTTG,CASSFRSRQGAGGQPQHF,1
toyExample.out_raw_barcode,TCRB,GCGGGACTTTTCGT,CASSSTLTGEQFF,1
toyExample.out_raw_barcode,TCRB,GCGGGACTTTTCGT,CASSLVTNEQFF,5
toyExample.out_raw_barcode,TCRA,TACGTTACGAGGGT,CAARRSSNTGKLIF,11
toyExample.out_raw_barcode,TCRA,TACGTTACGAGGGT,CAYRFQGAQKLVF,1
toyExample.out_raw_barcode,TCRB,TGAAGCTGGGGATG,CASSPPIWTANTEAFF,11
toyExample.out_raw_barcode,TCRB,TGAAGCTGGGGATG,CASSVELGASYGYTF,1
toyExample.out_raw_barcode,TCRB,TAATGCCTTTTCAC,CASSLASLAVNTGELFF,1
toyExample.out_raw_barcode,TCRB,TAATGCCTTTTCAC,CASSLVTNEQFF,1
