chain,barcode,read,cdr3,flag
TRB,CCTCGAACCCAACA,M02564:19:000000000-G15E1:1:2104:23330:20817,CASAPGTSGHTQYF,3
TRB,ACTTCTGAGTCGTA,M02564:19:000000000-G15E1:1:2103:2395:15033,CASSDSSPTGELFF,3
TRB,TACGCGCTGGTATC,M02564:19:000000000-G15E1:1:2102:10355:21511,CAISDRGGETQYF,3
TRB,TCCCGAACCCAGTA,M02564:19:000000000-G15E1:1:2101:5389:21805,CASSFDGYEQYF,3
TRB,TACGCGCTGGTATC,M02564:19:000000000-G15E1:1:2103:12827:28510,CAISDRGGETQYF,3
TRB,TACGCGCTGGTATC,M02564:19:000000000-G15E1:1:2101:28570:20259,CAISDRGGETQYF,3
TRB,TACGCGCTGGTATC,M02564:19:000000000-G15E1:1:2103:15711:26534,CAISDRGGETQYF,3
TRB,ATGCTTTGGAGGTG,M02564:19:000000000-G15E1:1:2101:9300:6721,CASSYWIQGEEFRVNQPQHF,3
TRB,TCCCGAACCCAGTA,M02564:19:000000000-G15E1:1:2103:25478:13080,CASSFDGYEQYF,3
TRB,TATGTGCTCCGCTT,M02564:19:000000000-G15E1:1:2101:25729:10349,CASSLDREENTEAFF,3
TRB,TACTGGGAGACAGG,M02564:19:000000000-G15E1:1:2101:24282:19679,CASSDSSPTGELFF,3
TRB,GAGGGTGAGTCATG,M02564:19:000000000-G15E1:1:2103:13704:3930,CASSLWDRLMEKLFF,3
TRB,TACCGAGATACTGG,M02564:19:000000000-G15E1:1:2103:21260:6581,CASSQDTGDEKLFF,3
TRB,ATTGTAGATTGTGG,M02564:19:000000000-G15E1:1:2102:3345:9576,CASSDPRDHSGNTIYF,3
chain,barcode,read,cdr3,flag
TRA,GAGGGTGAGTCATG,M02564:19:000000000-G15E1:1:2102:11611:24949,CAVRDFNDYKLSF,2
TRB,ATACTCTGGAAACA,M02564:19:000000000-G15E1:1:2102:11282:4085,CASSDSSPTGELFF,2
TRB,GAGGGTGAGTCATG,M02564:19:000000000-G15E1:1:2102:7634:25471,CASSSGLAGAWRLSGELFF,2
TRB,ATACTCTGGAAACA,M02564:19:000000000-G15E1:1:2102:13134:25669,CASSFDGYEQYF,2
TRB,TATGTGCTCCGAAT,M02564:19:000000000-G15E1:1:2101:24756:7812,CASSLDREENTEAFF,2
TRB,ACTGGCCTTATCTC,M02564:19:000000000-G15E1:1:2103:15353:25801,CAISDRGGETQYF,2
TRB,TACGCGCTGGTATC,M02564:19:000000000-G15E1:1:2104:9608:6402,CAISDRGGETQYF,2
TRB,TACGCGCTGGTATC,M02564:19:000000000-G15E1:1:2102:7164:22710,CAISDRGGETQYF,2
TRB,ATTGTAGATTGTGG,M02564:19:000000000-G15E1:1:2103:16718:14010,CASSDPRDHSGNTIYF,2
TRA,TCCCGAACCCAGTA,M02564:19:000000000-G15E1:1:2102:25204:20471,CAVDRLYNTNAGKSTF,2
TRA,TCCCGAACCCAGTA,M02564:19:000000000-G15E1:1:2102:19822:21140,CATRYDYTGANSKLTF,2
TRB,TATGTGCTCCGAAT,M02564:19:000000000-G15E1:1:2104:13170:2582,CASSLDREENTEAFF,2
TRB,GTTGATCTGCGTAT,M02564:19:000000000-G15E1:1:2101:3607:12527,CASSLSPGDTDTQYF,2
TRB,TACTGGGAGACAGG,M02564:19:000000000-G15E1:1:2102:15750:8013,CASSDSSPTGELFF,2
TRB,ATTGTAGATTGTGG,M02564:19:000000000-G15E1:1:2104:18398:8303,CASSDPRDHSGNTIYF,2
TRB,CCTCGAACCCAACA,M02564:19:000000000-G15E1:1:2104:9898:8969,CASAPGTSGHTQYF,2
TRB,CTTTGATGTCCTAT,M02564:19:000000000-G15E1:1:2103:13947:8305,CASSDPRDHSGNTIYF,2
TRB,CAATATGATCTTAC,M02564:19:000000000-G15E1:1:2102:11974:25973,CASSSYPVAETQYF,2
TRB,TACGCGCTGGTATC,M02564:19:000000000-G15E1:1:2103:20651:11523,CAISDRGGETQYF,2
TRB,CAATATGATCTTAC,M02564:19:000000000-G15E1:1:2104:5954:6649,CASSSYPVAETQYF,2
TRB,TACGCGCTGGTATC,M02564:19:000000000-G15E1:1:2104:8033:5568,CAISDRGGETQYF,2
TRB,AGGTGTTGTTGTCT,M02564:19:000000000-G15E1:1:2104:27261:9690,CASSYSSFGEWVETQHF,2
TRB,TACTGGGAGACAGG,M02564:19:000000000-G15E1:1:2102:26843:9137,CASSDSSPTGELFF,2
TRB,TACGCGCTGGTATC,M02564:19:000000000-G15E1:1:2103:14786:2076,CAISDRGGETQYF,2
TRB,GAGGGTGAGTCATG,M02564:19:000000000-G15E1:1:2103:5567:17735,CASSLWDRLMEKLFF,2
TRB,TGGAAAGAACTAGC,M02564:19:000000000-G15E1:1:2102:14531:16168,CAISDRGGETQYF,2
TRB,TATGTGCTCCGAAT,M02564:19:000000000-G15E1:1:2103:9744:22730,CASSLDREENTEAFF,2
TRB,TACGCGCTGGTATC,M02564:19:000000000-G15E1:1:2104:22312:10935,CAISDRGGETQYF,2
TRB,TATGTGCTCCGAAT,M02564:19:000000000-G15E1:1:2103:5678:11880,CASSLDREENTEAFF,2
TRB,TATGTGCTCCGAAT,M02564:19:000000000-G15E1:1:2101:19586:14822,CASSLDREENTEAFF,2
TRB,TACGCGCTGGTATC,M02564:19:000000000-G15E1:1:2101:26027:18216,CASSLDREENTEAFF,2
TRB,TATGTGCTCCGAAT,M02564:19:000000000-G15E1:1:2102:9999:9529,CASSLDREENTEAFF,2
TRB,TACGCGCTGGTATC,M02564:19:000000000-G15E1:1:2104:22833:5696,CAISDRGGETQYF,2
TRB,ACTGGCCTTATCTC,M02564:19:000000000-G15E1:1:2103:16563:26979,CASSLGRDSQETQYF,2
TRB,TACGCGCTGGTATC,M02564:19:000000000-G15E1:1:2103:15103:8309,CASSFDGYEQYF,2
TRB,CAATATGATCTTAC,M02564:19:000000000-G15E1:1:2102:21117:17282,CASSSYPVAETQYF,2
TRB,TCCCGAACCCAGTA,M02564:19:000000000-G15E1:1:2102:11307:17772,CASNPLRGELFF,2
TRB,GAGGGTGAGTCATG,M02564:19:000000000-G15E1:1:2101:18792:25256,CASSLWDRLMEKLFF,2
TRB,GTTGATCTGCGTAT,M02564:19:000000000-G15E1:1:2104:7223:13978,CASSLSPGDTDTQYF,2
TRB,GAGAGGTGGAGATA,M02564:19:000000000-G15E1:1:2104:2315:15268,CASSLAFSLAWYNEQFF,2
TRB,TACGCGCTGGTATC,M02564:19:000000000-G15E1:1:2103:28820:19321,CAISDRGGETQYF,2
TRB,CCGCTATGTCGCCT,M02564:19:000000000-G15E1:1:2101:11394:16325,CASSAARTDTQYF,2
TRB,TACGCGCTGGTATC,M02564:19:000000000-G15E1:1:2101:25557:6699,CAISDRGGETQYF,2
TRB,ACTTCTGAGTCGTA,M02564:19:000000000-G15E1:1:2103:13361:9840,CASSLSPGDTDTQYF,2
TRB,ACTGGCCTTATCTC,M02564:19:000000000-G15E1:1:2103:20428:22181,CASSLGRDSQETQYF,2
TRB,TATGTGCTCCGAAT,M02564:19:000000000-G15E1:1:2101:4333:16586,CASSLDREENTEAFF,2
TRB,ATGCTTTGGAGGTG,M02564:19:000000000-G15E1:1:2102:8213:18124,CASSYWIQGEEFRVNQPQHF,2
TRB,TACGCGCTGGTATC,M02564:19:000000000-G15E1:1:2103:15554:25643,CAISDRGGETQYF,2
TRB,CATCTCCTGGGAGT,M02564:19:000000000-G15E1:1:2101:26415:17164,CASSLPGDSTEAFF,2
TRB,TACGCGCTGGTATC,M02564:19:000000000-G15E1:1:2101:12484:25336,CAISDRGGETQYF,2
TRB,TACGCGCTGGTATC,M02564:19:000000000-G15E1:1:2102:16936:24333,CASSDSSPTGELFF,2
TRA,TCCCGAACCCAGTA,M02564:19:000000000-G15E1:1:2101:13023:6823,CAVDRLYNTNAGKSTF,2
TRB,ACTTCTGAGTCGTA,M02564:19:000000000-G15E1:1:2104:9643:6586,CASSDSSPTGELFF,2
TRB,TATGTGCTCCGAAT,M02564:19:000000000-G15E1:1:2101:17539:10590,CASSLDREENTEAFF,2
TRA,AGGTGTTGTTGTCT,M02564:19:000000000-G15E1:1:2102:15642:2458,CAGVGGNTPLVF,2
TRB,ATACTCTGGAAACA,M02564:19:000000000-G15E1:1:2101:3036:15396,CASSFDGYEQYF,2
TRB,CATCTCCTGGGAGT,M02564:19:000000000-G15E1:1:2102:9054:16072,CASSLPGDSTEAFF,2
TRB,AGGTGTTGTTGTCT,M02564:19:000000000-G15E1:1:2103:9645:18920,CASSYSSFGEWVETQHF,2
TRA,TCCCGAACCCAGTA,M02564:19:000000000-G15E1:1:2102:9471:27141,CATRYDYTGANSKLTF,2
TRB,ATACTCTGGAAACA,M02564:19:000000000-G15E1:1:2102:16248:26050,CASSFDGYEQYF,2
TRB,GTTGATCTGCGTAT,M02564:19:000000000-G15E1:1:2103:3316:21203,CASSLSPGDTDTQYF,2
TRB,GTTGATCTGCGTAT,M02564:19:000000000-G15E1:1:2103:18714:11945,CASSLSPGDTDTQYF,2
TRA,ATACTCTGGAAACA,M02564:19:000000000-G15E1:1:2101:9933:9231,CAAGDTGTASKLTF,2
TRB,ACTGGCCTTATCTC,M02564:19:000000000-G15E1:1:2103:12640:3536,CASAPGTSGHTQYF,2
TRB,ACTGGCCTTATCTC,M02564:19:000000000-G15E1:1:2103:27664:19423,CASSLGRDSQETQYF,2
TRA,ATACTCTGGAAACA,M02564:19:000000000-G15E1:1:2104:15773:11337,CAAGDTGTASKLTF,2
TRB,TATGTGCTCCGAAT,M02564:19:000000000-G15E1:1:2102:14220:24327,CASSLDREENTEAFF,2
TRB,ACTTCTGAGTCGTA,M02564:19:000000000-G15E1:1:2103:14892:7554,CASSDSSPTGELFF,2
TRB,CTTTGATGTCCTAT,M02564:19:000000000-G15E1:1:2104:21936:23948,CASSDPRDHSGNTIYF,2
TRB,ATACTCTGGAAACA,M02564:19:000000000-G15E1:1:2102:16510:13719,CASSFDGYEQYF,2
TRB,TATGTGCTCCGAAT,M02564:19:000000000-G15E1:1:2103:28741:12336,CASSLDREENTEAFF,2
TRB,ACTGGCCTTATCTC,M02564:19:000000000-G15E1:1:2103:14541:28015,CASSLGRDSQETQYF,2
TRB,AGGTGTTGTTGTCT,M02564:19:000000000-G15E1:1:2103:9530:25178,CASSYSSFGEWVETQHF,2
TRB,CATCTCCTGGGAGT,M02564:19:000000000-G15E1:1:2104:9204:10648,CASSLPGDSTEAFF,2
TRB,TATGTGCTCCGAAT,M02564:19:000000000-G15E1:1:2102:16960:9483,CASSLDREENTEAFF,2
TRB,TATGTGCTCCGAAT,M02564:19:000000000-G15E1:1:2101:16088:27809,CASSLDREENTEAFF,2
TRB,TATGTGCTCCGAAT,M02564:19:000000000-G15E1:1:2101:14403:16143,CASSLDREENTEAFF,2
TRB,ACTTCTGAGTCGTA,M02564:19:000000000-G15E1:1:2104:10454:5918,CASSDSSPTGELFF,2
TRA,TCCCGAACCCAGTA,M02564:19:000000000-G15E1:1:2103:17251:9296,CATRYDYTGANSKLTF,2
TRB,ACGATCGACGTACA,M02564:19:000000000-G15E1:1:2104:12416:26792,CASSFDGYEQYF,2
TRB,GAGAGGTGGAGATA,M02564:19:000000000-G15E1:1:2103:23618:12435,CASSLAFSLAWYNEQFF,2
TRB,GTTGATCTGCGTAT,M02564:19:000000000-G15E1:1:2101:13804:3140,CASSLSPGDTDTQYF,2
TRB,CATCTCCTGGGAGT,M02564:19:000000000-G15E1:1:2102:21969:5414,CASSLPGDSTEAFF,2
TRB,CATCTCCTGGGAGT,M02564:19:000000000-G15E1:1:2101:12861:16971,CASSLPGDSTEAFF,2
TRB,TCCCGAACCCAGTA,M02564:19:000000000-G15E1:1:2104:6495:18933,CASSFDGYEQYF,2
TRB,ATACTCTGGAAACA,M02564:19:000000000-G15E1:1:2104:12298:14522,CASSFDGYEQYF,2
TRB,CATCTCCTGGGAGT,M02564:19:000000000-G15E1:1:2103:21884:3460,CASSLPGDSTEAFF,2
TRB,TATGTGCTCCGAAT,M02564:19:000000000-G15E1:1:2104:1969:17725,CASSLDREENTEAFF,2
TRA,ATACTCTGGAAACA,M02564:19:000000000-G15E1:1:2103:12828:12558,CAAGDTGTASKLTF,2
TRB,CATCTCCTGGGAGT,M02564:19:000000000-G15E1:1:2104:14325:11782,CASSLPGDSTEAFF,2
TRB,CCGCTATGTCGCCT,M02564:19:000000000-G15E1:1:2102:16760:20573,CASSAARTDTQYF,2
TRB,TACGCGCTGGTATC,M02564:19:000000000-G15E1:1:2101:15828:4906,CAISDRGGETQYF,2
TRB,TCGTGAGAGAATAG,M02564:19:000000000-G15E1:1:2103:21617:24002,CASSLDREENTEAFF,2
TRB,ATGCTTTGGAGGTG,M02564:19:000000000-G15E1:1:2101:19641:10841,CASSYWIQGEEFRVNQPQHF,2
TRA,TACCGAGATACTGG,M02564:19:000000000-G15E1:1:2101:9842:21284,CAVGTGFQKLVF,2
TRB,TACTGGGAGACAGG,M02564:19:000000000-G15E1:1:2102:7433:9930,CASSDSSPTGELFF,2
TRA,ATACTCTGGAAACA,M02564:19:000000000-G15E1:1:2101:20518:27257,CAAGDTGTASKLTF,2
TRB,GTTGATCTGCGTAT,M02564:19:000000000-G15E1:1:2102:13047:21379,CASSLSPGDTDTQYF,2
TRB,ACTTCTGAGTCGTA,M02564:19:000000000-G15E1:1:2103:24240:7257,CASSDSSPTGELFF,2
TRB,CCGCTATGTCGCCT,M02564:19:000000000-G15E1:1:2104:23423:9996,CASSAARTDTQYF,2
TRB,TACGCGCTGGTATC,M02564:19:000000000-G15E1:1:2104:19664:14521,CAISDRGGETQYF,2
TRA,TCCCGAACCCAGTA,M02564:19:000000000-G15E1:1:2103:10653:18433,CAVDRLYNTNAGKSTF,2
TRB,ATGCTTTGGAGGTG,M02564:19:000000000-G15E1:1:2101:21430:22259,CASSYWIQGEEFRVNQPQHF,2
TRB,CATCTCCTGGGAGT,M02564:19:000000000-G15E1:1:2101:15587:8593,CASSLPGDSTEAFF,2
TRB,TATGTGCTCCGAAT,M02564:19:000000000-G15E1:1:2104:24042:17724,CASSLDREENTEAFF,2
TRB,TATAAGACATAAGG,M02564:19:000000000-G15E1:1:2103:4697:20385,CRPGQGADGYTF,2
TRB,TACGCGCTGGTATC,M02564:19:000000000-G15E1:1:2101:18828:24621,CAISDRGGETQYF,2
TRB,ACTGGCCTTATCTC,M02564:19:000000000-G15E1:1:2103:12100:10216,CASSLGRDSQETQYF,2
TRB,TCCCGAACCCAGTA,M02564:19:000000000-G15E1:1:2104:14684:11415,CASSFDGYEQYF,2
TRB,TATGTGCTCCGAAT,M02564:19:000000000-G15E1:1:2104:8685:12829,CASSLDREENTEAFF,2
TRB,AGGTGTTGTTGTCT,M02564:19:000000000-G15E1:1:2102:17929:10304,CASSYSSFGEWVETQHF,2
TRA,TATTTCCTGTGAGG,M02564:19:000000000-G15E1:1:2103:19809:19047,CAYLKPIAGGTSYGKLTF,2
TRB,GTTGATCTGCGTAT,M02564:19:000000000-G15E1:1:2102:10588:20943,CASSLSPGDTDTQYF,2
TRB,GTTGATCTGCGTAT,M02564:19:000000000-G15E1:1:2102:13739:16197,CASSLSPGDTDTQYF,2
TRB,TCCCGAACCCAGTA,M02564:19:000000000-G15E1:1:2103:14358:11486,CASSFDGYEQYF,2
TRB,ACTGGCCTTATCTC,M02564:19:000000000-G15E1:1:2104:22893:19244,CASSLGRDSQETQYF,2
TRB,GAGGGTGAGTCATG,M02564:19:000000000-G15E1:1:2104:16395:7098,CASSLWDRLMEKLFF,2
TRA,TCCCGAACCCAGTA,M02564:19:000000000-G15E1:1:2101:6992:7012,CAVDRLYNTNAGKSTF,2
TRB,TACTGGGAGACAGG,M02564:19:000000000-G15E1:1:2103:12699:23888,CASSDSSPTGELFF,2
TRB,TGGAAAGAACTAGC,M02564:19:000000000-G15E1:1:2103:7366:16360,CAISDRGGETQYF,2
TRB,CCTCGAACCCAACA,M02564:19:000000000-G15E1:1:2104:19330:20305,CASAPGTSGHTQYF,2
TRB,TCCCGAACCCAGTA,M02564:19:000000000-G15E1:1:2104:11564:10227,CASSFDGYEQYF,2
TRA,ATACTCTGGAAACA,M02564:19:000000000-G15E1:1:2103:14560:24259,CGTSDNQAGTALIF,2
TRB,TACGCGCTGGTATC,M02564:19:000000000-G15E1:1:2104:12933:6814,CAISDRGGETQYF,2
TRB,CATCTCCTGGGAGT,M02564:19:000000000-G15E1:1:2101:22328:25510,CASSLPGDSTEAFF,2
TRB,TACGCGCTGGTATC,M02564:19:000000000-G15E1:1:2101:18620:12676,CAISDRGGETQYF,2
TRA,CTATTGACTGAGCT,M02564:19:000000000-G15E1:1:2101:14230:6926,CAVRDFNDYKLSF,2
TRB,TGGAAAGAACTAGC,M02564:19:000000000-G15E1:1:2103:25670:21814,CAISDRGGETQYF,2
TRB,CTATTGACTGAGCT,M02564:19:000000000-G15E1:1:2103:13366:4105,CASSSGLAGAWRLSGELFF,2
TRA,TATTTCCTGTGAGG,M02564:19:000000000-G15E1:1:2104:13919:26116,CAVSNYGQNFVF,2
TRB,CCGCTATGTCGCCT,M02564:19:000000000-G15E1:1:2102:23970:26205,CASSAARTDTQYF,2
TRB,TATGTGCTCCGAAT,M02564:19:000000000-G15E1:1:2103:18371:20343,CASSLDREENTEAFF,2
TRB,ATTGTAGATTGTGG,M02564:19:000000000-G15E1:1:2102:16883:27658,CASSDPRDHSGNTIYF,2
TRB,TACGCGCTGGTATC,M02564:19:000000000-G15E1:1:2103:8861:13952,CAISDRGGETQYF,2
TRB,ACTGGCCTTATCTC,M02564:19:000000000-G15E1:1:2101:10625:7240,CASSLGRDSQETQYF,2
TRB,TATGTGCTCCGAAT,M02564:19:000000000-G15E1:1:2104:28596:20240,CASSLDREENTEAFF,2
TRB,TATGTGCTCCGAAT,M02564:19:000000000-G15E1:1:2102:19352:15907,CASSLDREENTEAFF,2
TRB,TCCCGAACCCAGTA,M02564:19:000000000-G15E1:1:2102:4548:13084,CASNPLRGELFF,2
TRB,TATGTGCTCCGAAT,M02564:19:000000000-G15E1:1:2101:4171:18947,CAISDRGGETQYF,2
TRB,ACTGGCCTTATCTC,M02564:19:000000000-G15E1:1:2104:16219:10501,CASSLGRDSQETQYF,2
TRB,TCCCGAACCCAGTA,M02564:19:000000000-G15E1:1:2101:21692:25629,CASSFDGYEQYF,2
TRB,TCCCGAACCCAGTA,M02564:19:000000000-G15E1:1:2102:14697:18359,CASNPLRGELFF,2
TRB,TATGTGCTCCGAAT,M02564:19:000000000-G15E1:1:2102:9542:26862,CASSLDREENTEAFF,2
TRB,TATGTGCTCCGAAT,M02564:19:000000000-G15E1:1:2103:11662:3092,CASSLDREENTEAFF,2
TRB,ACTTCTGAGTCGTA,M02564:19:000000000-G15E1:1:2102:26718:13271,CASSDSSPTGELFF,2
TRB,TCCCGAACCCAGTA,M02564:19:000000000-G15E1:1:2103:4703:17439,CASSFDGYEQYF,2
TRB,ACTGGCCTTATCTC,M02564:19:000000000-G15E1:1:2103:10676:4347,CASSLGRDSQETQYF,2
TRB,ATTGTAGATTGTGG,M02564:19:000000000-G15E1:1:2103:24447:7292,CASSDPRDHSGNTIYF,2
TRB,GTTGATCTGCGTAT,M02564:19:000000000-G15E1:1:2101:8968:10222,CASSLSPGDTDTQYF,2
TRB,ACTGGCCTTATCTC,M02564:19:000000000-G15E1:1:2102:24827:20074,CASAPGTSGHTQYF,2
TRB,AACAGCACAGTAGA,M02564:19:000000000-G15E1:1:2101:9058:22734,CASSFDGYEQYF,2
TRB,TATGTGCTCCGAAT,M02564:19:000000000-G15E1:1:2104:13216:7813,CASSLDREENTEAFF,2
TRB,TCCCGAACCCAGTA,M02564:19:000000000-G15E1:1:2102:25248:6872,CASSFDGYEQYF,2
TRB,CCGCTATGTCGCCT,M02564:19:000000000-G15E1:1:2104:6281:22455,CASSAARTDTQYF,2
TRB,ACTGGCCTTATCTC,M02564:19:000000000-G15E1:1:2104:5592:18420,CASSLGRDSQETQYF,2
TRB,TATGTGCTCCGAAT,M02564:19:000000000-G15E1:1:2103:15812:14849,CASSLDREENTEAFF,2
TRB,ACTGGCCTTATCTC,M02564:19:000000000-G15E1:1:2104:25998:23733,CASSLGRDSQETQYF,2
TRB,TGGAAAGAACTAGC,M02564:19:000000000-G15E1:1:2104:25138:20499,CAISDRGGETQYF,2
TRB,ATACTCTGGAAACA,M02564:19:000000000-G15E1:1:2104:26035:21443,CASSFDGYEQYF,2
TRA,ATACTCTGGAAACA,M02564:19:000000000-G15E1:1:2102:7875:11304,CGTSDNQAGTALIF,2
TRB,TATGTGCTCCGAAT,M02564:19:000000000-G15E1:1:2101:8055:18157,CASSLDREENTEAFF,2
TRB,ATACTCTGGAAACA,M02564:19:000000000-G15E1:1:2102:9289:12667,CASSFDGYEQYF,2
TRA,ATACTCTGGAAACA,M02564:19:000000000-G15E1:1:2102:14960:5362,CAAGDTGTASKLTF,2
TRB,ATGCTTTGGAGGTG,M02564:19:000000000-G15E1:1:2103:6797:18078,CASSYWIQGEEFRVNQPQHF,2
TRB,TATGTGCTCCGAAT,M02564:19:000000000-G15E1:1:2101:12258:12259,CASSLDREENTEAFF,2
TRB,ACTTCTGAGTCGTA,M02564:19:000000000-G15E1:1:2104:2622:19294,CASSDSSPTGELFF,2
TRB,ATTGTAGATTGTGG,M02564:19:000000000-G15E1:1:2101:25571:15672,CASSDPRDHSGNTIYF,2
TRB,TACGCGCTGGTATC,M02564:19:000000000-G15E1:1:2103:24230:9084,CAISDRGGETQYF,2
TRB,TGGAAAGAACTAGC,M02564:19:000000000-G15E1:1:2102:20768:10839,CAISDRGGETQYF,2
TRB,TCCCGAACCCAGTA,M02564:19:000000000-G15E1:1:2101:17370:2802,CASSFDGYEQYF,2
TRB,CACTGCACCAAAGA,M02564:19:000000000-G15E1:1:2102:25518:9048,CASSFDGYEQYF,2
TRA,TATTTCCTGTGAGG,M02564:19:000000000-G15E1:1:2101:11631:8593,CAALKRGKAAGNKLTF,2
TRB,TACGCGCTGGTATC,M02564:19:000000000-G15E1:1:2104:8203:15220,CAISDRGGETQYF,2
TRB,ACTGGCCTTATCTC,M02564:19:000000000-G15E1:1:2103:5210:21899,CASSLGRDSQETQYF,2
TRB,CATCTCCTGGGAGT,M02564:19:000000000-G15E1:1:2101:4907:17328,CASSLPGDSTEAFF,2
TRB,TATGTGCTCCGAAT,M02564:19:000000000-G15E1:1:2101:23238:5866,CASSLDREENTEAFF,2
TRB,TCCCGAACCCAGTA,M02564:19:000000000-G15E1:1:2103:9296:10890,CASSFDGYEQYF,2
TRB,TATGTGCTCCGAAT,M02564:19:000000000-G15E1:1:2104:19564:10658,CASSLDREENTEAFF,2
TRB,ACTGGCCTTATCTC,M02564:19:000000000-G15E1:1:2101:7759:16253,CASSLGRDSQETQYF,2
TRB,TACGCGCTGGTATC,M02564:19:000000000-G15E1:1:2104:17955:22975,CAISDRGGETQYF,2
TRB,CCTCGAACCCAACA,M02564:19:000000000-G15E1:1:2103:17354:24640,CASAPGTSGHTQYF,2
TRB,TACGCGCTGGTATC,M02564:19:000000000-G15E1:1:2102:17255:22606,CAISDRGGETQYF,2
TRB,GAGGGTGAGTCATG,M02564:19:000000000-G15E1:1:2103:21356:21711,CASSLWDRLMEKLFF,2
TRA,ATACTCTGGAAACA,M02564:19:000000000-G15E1:1:2102:10746:25672,CGTSDNQAGTALIF,2
TRB,TCCCGAACCCAGTA,M02564:19:000000000-G15E1:1:2103:13408:19633,CASSFDGYEQYF,2
TRB,CTATTGACTGAGCT,M02564:19:000000000-G15E1:1:2103:23766:14696,CASSSGLAGAWRLSGELFF,2
TRB,CCGCTATGTCGCCT,M02564:19:000000000-G15E1:1:2104:11381:21552,CASSAARTDTQYF,2
TRB,ATACTCTGGAAACA,M02564:19:000000000-G15E1:1:2101:9422:8910,CASSFDGYEQYF,2
TRB,GTTGATCTGCGTAT,M02564:19:000000000-G15E1:1:2103:25186:16973,CASSLSPGDTDTQYF,2
TRB,TCCCGAACCCAGTA,M02564:19:000000000-G15E1:1:2102:14546:9632,CASSFDGYEQYF,2
TRB,TACGCGCTGGTATC,M02564:19:000000000-G15E1:1:2102:4926:17827,CAISDRGGETQYF,2
TRB,TACGCGCTGGTATC,M02564:19:000000000-G15E1:1:2104:22091:15949,CAISDRGGETQYF,2
TRB,TACGCGCTGGTATC,M02564:19:000000000-G15E1:1:2101:6833:14456,CAISDRGGETQYF,2
TRB,ACTTCTGAGTCGTA,M02564:19:000000000-G15E1:1:2102:5049:17114,CASSDSSPTGELFF,2
TRB,TACTGGGAGACAGG,M02564:19:000000000-G15E1:1:2101:14543:22264,CASSDSSPTGELFF,2
TRB,ACTTCTGAGTCGTA,M02564:19:000000000-G15E1:1:2102:9254:8837,CASSDSSPTGELFF,2
TRB,GAGGGTGAGTCATG,M02564:19:000000000-G15E1:1:2104:8052:8627,CASSLWDRLMEKLFF,2
TRB,CACTGCACCAAAGA,M02564:19:000000000-G15E1:1:2103:8326:23582,CAISDRGGETQYF,2
TRB,GAGGGTGAGTCATG,M02564:19:000000000-G15E1:1:2103:21677:9137,CASSLWDRLMEKLFF,2
TRB,TCCCGAACCCAGTA,M02564:19:000000000-G15E1:1:2101:20662:24896,CASSFDGYEQYF,2
TRB,TCCCGAACCCAGTA,M02564:19:000000000-G15E1:1:2104:7379:24944,CASNPLRGELFF,2
TRB,GTTGATCTGCGTAT,M02564:19:000000000-G15E1:1:2101:3140:12310,CASSLSPGDTDTQYF,2
TRB,TACGCGCTGGTATC,M02564:19:000000000-G15E1:1:2101:16462:3173,CAISDRGGETQYF,2
TRB,TCCCGAACCCAGTA,M02564:19:000000000-G15E1:1:2104:18017:22108,CASSLWDRLMEKLFF,2
TRB,TGGAAAGAACTAGC,M02564:19:000000000-G15E1:1:2103:14620:13395,CAISDRGGETQYF,2
TRB,TACGCGCTGGTATC,M02564:19:000000000-G15E1:1:2102:21350:11723,CAISDRGGETQYF,2
TRA,CACTGCACCAAAGA,M02564:19:000000000-G15E1:1:2102:7015:23949,CATDPMDSSYKLIF,2
TRB,ACTTCTGAGTCGTA,M02564:19:000000000-G15E1:1:2103:19195:20959,CASSDSSPTGELFF,2
TRB,CACTGCACCAAAGA,M02564:19:000000000-G15E1:1:2103:17822:18434,CASSFDGYEQYF,2
TRB,CTATTGACTGAGCT,M02564:19:000000000-G15E1:1:2104:16612:17683,CASSSGLAGAWRLSGELFF,2
TRB,ACTGGCCTTATCTC,M02564:19:000000000-G15E1:1:2103:19487:15836,CASSLGRDSQETQYF,2
TRB,ACTGGCCTTATCTC,M02564:19:000000000-G15E1:1:2102:21918:20499,CASSLGRDSQETQYF,2
TRB,ACTGGCCTTATCTC,M02564:19:000000000-G15E1:1:2101:22684:16788,CASSLGRDSQETQYF,2
TRB,TATGTGCTCCGAAT,M02564:19:000000000-G15E1:1:2103:10703:16667,CASSLDREENTEAFF,2
TRB,GAGGGTGAGTCATG,M02564:19:000000000-G15E1:1:2103:22215:14699,CASSLWDRLMEKLFF,2
TRB,TATGTGCTCCGAAT,M02564:19:000000000-G15E1:1:2104:11882:24948,CASSLDREENTEAFF,2
TRB,GTTGATCTGCGTAT,M02564:19:000000000-G15E1:1:2104:24265:21552,CASSLSPGDTDTQYF,2
TRB,TCCCGAACCCAGTA,M02564:19:000000000-G15E1:1:2101:5374:21821,CASSFDGYEQYF,2
TRB,TGGAAAGAACTAGC,M02564:19:000000000-G15E1:1:2103:27829:11469,CAISDRGGETQYF,2
TRB,CCTCGAACCCAACA,M02564:19:000000000-G15E1:1:2103:26733:14146,CASAPGTSGHTQYF,2
TRB,TCCCGAACCCAGTA,M02564:19:000000000-G15E1:1:2103:6287:19529,CASSFDGYEQYF,2
TRB,AGGTGTTGTTGTCT,M02564:19:000000000-G15E1:1:2103:26392:20753,CASSLDREENTEAFF,2
TRB,TATGTGCTCCGAAT,M02564:19:000000000-G15E1:1:2104:1871:17371,CASSLDREENTEAFF,2
TRB,ACTTCTGAGTCGTA,M02564:19:000000000-G15E1:1:2102:16435:10078,CASSDSSPTGELFF,2
TRB,TATGTGCTCCGAAT,M02564:19:000000000-G15E1:1:2102:16771:11603,CASSLDREENTEAFF,2
TRA,TATTTCCTGTGAGG,M02564:19:000000000-G15E1:1:2101:17756:19299,CAYLKPIAGGTSYGKLTF,2
TRB,TCGTGAGAGAATAG,M02564:19:000000000-G15E1:1:2104:18796:6511,CASSFDGYEQYF,2
TRA,CAATATGATCTTAC,M02564:19:000000000-G15E1:1:2104:19888:22201,CAVQGGSEKLVF,2
TRB,CTATTGACTGAGCT,M02564:19:000000000-G15E1:1:2104:20750:22748,CASSSGLAGAWRLSGELFF,2
TRB,ACTGGCCTTATCTC,M02564:19:000000000-G15E1:1:2101:27130:10368,CASSLGRDSQETQYF,2
TRB,GAGGGTGAGTCATG,M02564:19:000000000-G15E1:1:2104:25841:7094,CASSLWDRLMEKLFF,2
TRB,TACTGGGAGACAGG,M02564:19:000000000-G15E1:1:2104:9794:16712,CASSDSSPTGELFF,2
TRB,TACGCGCTGGTATC,M02564:19:000000000-G15E1:1:2104:26448:11211,CAISDRGGETQYF,2
TRB,CTATTGACTGAGCT,M02564:19:000000000-G15E1:1:2103:12619:20351,CASSSGLAGAWRLSGELFF,2
TRB,ACTGGCCTTATCTC,M02564:19:000000000-G15E1:1:2101:18524:4375,CASSLGRDSQETQYF,2
TRB,CAATATGATCTTAC,M02564:19:000000000-G15E1:1:2101:16638:13563,CASSSYPVAETQYF,2
TRB,ATTGTAGATTGTGG,M02564:19:000000000-G15E1:1:2103:25818:22724,CASSDPRDHSGNTIYF,2
TRB,CATCTCCTGGGAGT,M02564:19:000000000-G15E1:1:2103:2772:18201,CASSLPGDSTEAFF,2
TRB,GTTGATCTGCGTAT,M02564:19:000000000-G15E1:1:2102:11201:13771,CASSLSPGDTDTQYF,2
TRB,TACGCGCTGGTATC,M02564:19:000000000-G15E1:1:2104:22823:6508,CAISDRGGETQYF,2
TRB,ACTGGCCTTATCTC,M02564:19:000000000-G15E1:1:2103:14409:19552,CASSLGRDSQETQYF,2
TRB,TGGAAAGAACTAGC,M02564:19:000000000-G15E1:1:2102:17451:20422,CAISDRGGETQYF,2
TRB,ACTGGCCTTATCTC,M02564:19:000000000-G15E1:1:2102:28386:10291,CASSLGRDSQETQYF,2
TRB,TACGCGCTGGTATC,M02564:19:000000000-G15E1:1:2101:24104:16382,CAISDRGGETQYF,2
TRB,TACCGAGATACTGG,M02564:19:000000000-G15E1:1:2101:15650:11195,CASSLWDRLMEKLFF,2
TRB,TATGTGCTCCGAAT,M02564:19:000000000-G15E1:1:2103:10952:17055,CASSLDREENTEAFF,2
TRA,ATACTCTGGAAACA,M02564:19:000000000-G15E1:1:2104:3638:9822,CGTSDNQAGTALIF,2
TRB,GAGGGTGAGTCATG,M02564:19:000000000-G15E1:1:2101:6771:7389,CASSLWDRLMEKLFF,2
TRA,GAGGGTGAGTCATG,M02564:19:000000000-G15E1:1:2102:7934:24226,CAVRDFNDYKLSF,2
TRB,TCCCGAACCCAGTA,M02564:19:000000000-G15E1:1:2102:19109:4635,CASSFDGYEQYF,2
TRA,TATTTCCTGTGAGG,M02564:19:000000000-G15E1:1:2103:13595:11671,CAYLKPIAGGTSYGKLTF,2
TRB,CTTTGATGTCCTAT,M02564:19:000000000-G15E1:1:2101:18571:25878,CASSDPRDHSGNTIYF,2
TRB,TATGTGCTCCGAAT,M02564:19:000000000-G15E1:1:2101:5524:21257,CASSLDREENTEAFF,2
TRB,ACTTCTGAGTCGTA,M02564:19:000000000-G15E1:1:2103:25495:20578,CASSDSSPTGELFF,2
TRB,CCGCTATGTCGCCT,M02564:19:000000000-G15E1:1:2102:4640:21276,CASSAARTDTQYF,2
TRB,TACGCGCTGGTATC,M02564:19:000000000-G15E1:1:2103:14882:11220,CAISDRGGETQYF,2
TRB,GTTGATCTGCGTAT,M02564:19:000000000-G15E1:1:2101:7074:12121,CASSLSPGDTDTQYF,2
TRB,CTATTGACTGAGCT,M02564:19:000000000-G15E1:1:2101:21846:15297,CASSSGLAGAWRLSGELFF,2
TRB,TATGTGCTCCGAAT,M02564:19:000000000-G15E1:1:2101:21636:6499,CASSLDREENTEAFF,2
TRB,AGGTGTTGTTGTCT,M02564:19:000000000-G15E1:1:2101:23202:6601,CASSYSSFGEWVETQHF,2
TRB,ACTTCTGAGTCGTA,M02564:19:000000000-G15E1:1:2103:4861:22608,CASSFDGYEQYF,2
TRA,CAATATGATCTTAC,M02564:19:000000000-G15E1:1:2102:13349:5111,CAVQGGSEKLVF,2
TRB,CTATTGACTGAGCT,M02564:19:000000000-G15E1:1:2103:4818:12415,CASSSGLAGAWRLSGELFF,2
TRB,CACTGCACCAAAGA,M02564:19:000000000-G15E1:1:2102:9233:25556,CASSYSSFGEWVETQHF,2
TRB,CCTCGAACCCAACA,M02564:19:000000000-G15E1:1:2103:22201:24321,CASAPGTSGHTQYF,2
TRB,TACGCGCTGGTATC,M02564:19:000000000-G15E1:1:2102:14523:6490,CAISDRGGETQYF,2
TRB,ACTTCTGAGTCGTA,M02564:19:000000000-G15E1:1:2104:6468:13073,CASSDSSPTGELFF,2
TRA,CCGCTATGTCGCCT,M02564:19:000000000-G15E1:1:2104:20737:8798,CVVISGGYNKLIF,2
TRA,CAATATGATCTTAC,M02564:19:000000000-G15E1:1:2101:12680:9499,CAVQGGSEKLVF,2
TRA,GTTGATCTGCGTAT,M02564:19:000000000-G15E1:1:2104:14677:27029,CAVSNYGQNFVF,2
TRA,ATACTCTGGAAACA,M02564:19:000000000-G15E1:1:2103:26548:10991,CGTSDNQAGTALIF,2
TRB,ACGATCGACGTACA,M02564:19:000000000-G15E1:1:2104:19276:4424,CASSDSSPTGELFF,2
TRB,AGGTGTTGTTGTCT,M02564:19:000000000-G15E1:1:2102:13072:5688,CASSYSSFGEWVETQHF,2
TRB,ATACTCTGGAAACA,M02564:19:000000000-G15E1:1:2103:18163:2451,CASSFDGYEQYF,2
TRB,CCTCGAACCCAACA,M02564:19:000000000-G15E1:1:2101:7945:7293,CASSYSSFGEWVETQHF,2
TRB,GAGAGGTGGAGATA,M02564:19:000000000-G15E1:1:2103:11105:14551,CASSLAFSLAWYNEQFF,2
TRB,GAGGGTGAGTCATG,M02564:19:000000000-G15E1:1:2102:25765:14160,CASSLWDRLMEKLFF,2
TRB,TATGTGCTCCGAAT,M02564:19:000000000-G15E1:1:2102:8473:4393,CASSLDREENTEAFF,2
TRB,ATACTCTGGAAACA,M02564:19:000000000-G15E1:1:2102:14056:11908,CASSFDGYEQYF,2
TRB,TATGTGCTCCGAAT,M02564:19:000000000-G15E1:1:2101:8349:24157,CASSLDREENTEAFF,2
TRB,ACTGGCCTTATCTC,M02564:19:000000000-G15E1:1:2104:16924:9590,CASSLGRDSQETQYF,2
TRB,TATGTGCTCCGAAT,M02564:19:000000000-G15E1:1:2102:17782:22797,CASSLDREENTEAFF,2
TRB,GAGGGTGAGTCATG,M02564:19:000000000-G15E1:1:2104:20119:24647,CASSLWDRLMEKLFF,2
TRB,CCGCTATGTCGCCT,M02564:19:000000000-G15E1:1:2102:17247:17994,CASSAARTDTQYF,2
TRB,TATGTGCTCCGAAT,M02564:19:000000000-G15E1:1:2101:18602:20719,CASSLDREENTEAFF,2
TRB,CCGCTATGTCGCCT,M02564:19:000000000-G15E1:1:2102:6299:18189,CASSAARTDTQYF,2
TRB,ACTGGCCTTATCTC,M02564:19:000000000-G15E1:1:2101:11014:13359,CASSLDREENTEAFF,2
TRB,CCGCTATGTCGCCT,M02564:19:000000000-G15E1:1:2101:10932:17431,CASSAARTDTQYF,2
TRB,ATTGTAGATTGTGG,M02564:19:000000000-G15E1:1:2101:21412:18136,CASSDPRDHSGNTIYF,2
TRA,ATACTCTGGAAACA,M02564:19:000000000-G15E1:1:2103:20558:5831,CAAGDTGTASKLTF,2
TRB,ATTGTAGATTGTGG,M02564:19:000000000-G15E1:1:2101:23869:21405,CASSDPRDHSGNTIYF,2
TRB,CTTTGATGTCCTAT,M02564:19:000000000-G15E1:1:2101:23704:21714,CASSDPRDHSGNTIYF,2
TRA,TCCCGAACCCAGTA,M02564:19:000000000-G15E1:1:2104:11918:10625,CAVDRLYNTNAGKSTF,2
TRB,TCCCGAACCCAGTA,M02564:19:000000000-G15E1:1:2104:26931:19052,CASNPLRGELFF,2
TRB,GAGGGTGAGTCATG,M02564:19:000000000-G15E1:1:2104:10058:22091,CASSLWDRLMEKLFF,2
TRB,ATACTCTGGAAACA,M02564:19:000000000-G15E1:1:2104:12111:3265,CASSLDREENTEAFF,2
TRB,TATGTGCTCCGAAT,M02564:19:000000000-G15E1:1:2101:22344:11569,CASSLDREENTEAFF,2
TRB,TACGCGCTGGTATC,M02564:19:000000000-G15E1:1:2101:12441:6992,CAISDRGGETQYF,2
TRB,TATGTGCTCCGAAT,M02564:19:000000000-G15E1:1:2101:14961:27561,CASSLDREENTEAFF,2
TRB,ACTGGCCTTATCTC,M02564:19:000000000-G15E1:1:2101:17630:18564,CASSLGRDSQETQYF,2
TRB,CATCTCCTGGGAGT,M02564:19:000000000-G15E1:1:2104:16785:9626,CASSLPGDSTEAFF,2
TRA,TCCCGAACCCAGTA,M02564:19:000000000-G15E1:1:2101:21075:18578,CAVDRLYNTNAGKSTF,2
TRB,TCCCGAACCCAGTA,M02564:19:000000000-G15E1:1:2102:14404:4587,CASSFDGYEQYF,2
TRB,CCGCTATGTCGCCT,M02564:19:000000000-G15E1:1:2103:10451:14102,CASSAARTDTQYF,2
TRB,CTTTGATGTCCTAT,M02564:19:000000000-G15E1:1:2104:22274:21507,CASSDPRDHSGNTIYF,2
TRB,TCCCGAACCCAGTA,M02564:19:000000000-G15E1:1:2101:20024:11835,CASNPLRGELFF,2
TRB,CTATTGACTGAGCT,M02564:19:000000000-G15E1:1:2103:4433:7637,CASSSGLAGAWRLSGELFF,2
TRB,ATACTCTGGAAACA,M02564:19:000000000-G15E1:1:2102:16593:24518,CASSFDGYEQYF,2
TRB,CAATATGATCTTAC,M02564:19:000000000-G15E1:1:2104:13068:6503,CASSSYPVAETQYF,2
TRB,CATCTCCTGGGAGT,M02564:19:000000000-G15E1:1:2102:17166:13677,CASSLPGDSTEAFF,2
TRB,CCGCTATGTCGCCT,M02564:19:000000000-G15E1:1:2103:19806:24892,CASSAARTDTQYF,2
TRB,TACCGAGATACTGG,M02564:19:000000000-G15E1:1:2102:11447:15447,CASSDSSPTGELFF,2
TRB,ATTGTAGATTGTGG,M02564:19:000000000-G15E1:1:2101:21395:18167,CASSDPRDHSGNTIYF,2
TRA,TATTTCCTGTGAGG,M02564:19:000000000-G15E1:1:2102:16972:22157,CAALKRGKAAGNKLTF,2
TRB,AGGTGTTGTTGTCT,M02564:19:000000000-G15E1:1:2101:11712:28226,CASSYSSFGEWVETQHF,2
TRB,TACGCGCTGGTATC,M02564:19:000000000-G15E1:1:2104:20561:25987,CAISDRGGETQYF,2
TRB,ACTTCTGAGTCGTA,M02564:19:000000000-G15E1:1:2103:6330:12807,CASSDSSPTGELFF,2
TRB,TCCCGAACCCAGTA,M02564:19:000000000-G15E1:1:2103:7161:12728,CASSFDGYEQYF,2
TRB,ACTTCTGAGTCGTA,M02564:19:000000000-G15E1:1:2103:24629:12383,CASSDSSPTGELFF,2
TRA,ATACTCTGGAAACA,M02564:19:000000000-G15E1:1:2102:25196:13124,CAVDRLYNTNAGKSTF,2
TRB,AGGTGTTGTTGTCT,M02564:19:000000000-G15E1:1:2102:11958:7601,CASSYSSFGEWVETQHF,2
TRB,TATGTGCTCCGAAT,M02564:19:000000000-G15E1:1:2103:11309:20468,CASSLDREENTEAFF,2
TRB,TATGTGCTCCGAAT,M02564:19:000000000-G15E1:1:2102:7165:12731,CASSLSPGDTDTQYF,2
TRB,ACTTCTGAGTCGTA,M02564:19:000000000-G15E1:1:2104:13030:4817,CASSDSSPTGELFF,2
TRA,GAGGGTGAGTCATG,M02564:19:000000000-G15E1:1:2102:24480:10921,CAVRDFNDYKLSF,2
TRB,ATGCTTTGGAGGTG,M02564:19:000000000-G15E1:1:2101:25451:9616,CASSYWIQGEEFRVNQPQHF,2
TRB,TCCCGAACCCAGTA,M02564:19:000000000-G15E1:1:2102:3041:16519,CASSFDGYEQYF,2
TRB,GTTGATCTGCGTAT,M02564:19:000000000-G15E1:1:2101:8556:19926,CASAPGTSGHTQYF,2
TRB,CAATATGATCTTAC,M02564:19:000000000-G15E1:1:2104:18243:19588,CASSSYPVAETQYF,2
TRB,ATTGTAGATTGTGG,M02564:19:000000000-G15E1:1:2104:21206:17874,CASSDPRDHSGNTIYF,2
TRA,TACCGAGATACTGG,M02564:19:000000000-G15E1:1:2101:15933:18939,CAVGTGFQKLVF,2
TRB,TACGCGCTGGTATC,M02564:19:000000000-G15E1:1:2104:6546:14895,CAISDRGGETQYF,2
TRB,ACTTCTGAGTCGTA,M02564:19:000000000-G15E1:1:2104:16513:21917,CASSDSSPTGELFF,2
TRB,CACTGCACCAAAGA,M02564:19:000000000-G15E1:1:2101:24862:12005,CASSLDREENTEAFF,2
TRB,CTATTGACTGAGCT,M02564:19:000000000-G15E1:1:2103:11849:11504,CASSSGLAGAWRLSGELFF,2
TRB,ACTTCTGAGTCGTA,M02564:19:000000000-G15E1:1:2104:24699:18481,CASSDSSPTGELFF,2
TRB,TCCCGAACCCAGTA,M02564:19:000000000-G15E1:1:2101:19270:5134,CASSFDGYEQYF,2
TRB,TACGCGCTGGTATC,M02564:19:000000000-G15E1:1:2101:7098:7513,CAISDRGGETQYF,2
TRB,CATCTCCTGGGAGT,M02564:19:000000000-G15E1:1:2103:20900:16939,CASSLPGDSTEAFF,2
TRB,TATGTGCTCCGAAT,M02564:19:000000000-G15E1:1:2103:11571:23352,CASSLDREENTEAFF,2
TRB,CCGCTATGTCGCCT,M02564:19:000000000-G15E1:1:2102:26392:6670,CASSAARTDTQYF,2
TRB,GAGAGGTGGAGATA,M02564:19:000000000-G15E1:1:2103:4223:15091,CASSLAFSLAWYNEQFF,2
TRB,ATACTCTGGAAACA,M02564:19:000000000-G15E1:1:2104:13010:18963,CASSFDGYEQYF,2
TRB,TACGCGCTGGTATC,M02564:19:000000000-G15E1:1:2101:10778:5514,CAISDRGGETQYF,2
TRA,TATTTCCTGTGAGG,M02564:19:000000000-G15E1:1:2102:14206:19774,CAYLKPIAGGTSYGKLTF,2
TRB,ATTGTAGATTGTGG,M02564:19:000000000-G15E1:1:2103:24383:20101,CASSDPRDHSGNTIYF,2
TRB,TCCCGAACCCAGTA,M02564:19:000000000-G15E1:1:2104:21801:9757,CASSFDGYEQYF,2
TRB,TATGTGCTCCGAAT,M02564:19:000000000-G15E1:1:2101:22422:9881,CASSLDREENTEAFF,2
TRB,TACGCGCTGGTATC,M02564:19:000000000-G15E1:1:2102:10458:26186,CAISDRGGETQYF,2
TRB,CATCTCCTGGGAGT,M02564:19:000000000-G15E1:1:2103:13642:7999,CASSLPGDSTEAFF,2
TRB,ACTTCTGAGTCGTA,M02564:19:000000000-G15E1:1:2103:8739:24124,CASSDSSPTGELFF,2
TRA,GTTGATCTGCGTAT,M02564:19:000000000-G15E1:1:2103:13405:3585,CAVSNYGQNFVF,2
TRB,TCCCGAACCCAGTA,M02564:19:000000000-G15E1:1:2101:16739:22937,CASSFDGYEQYF,2
TRB,TACGCGCTGGTATC,M02564:19:000000000-G15E1:1:2104:9809:8947,CAISDRGGETQYF,2
TRA,GAGGGTGAGTCATG,M02564:19:000000000-G15E1:1:2101:10640:23653,CAVRDFNDYKLSF,2
TRB,CCTCGAACCCAACA,M02564:19:000000000-G15E1:1:2103:15371:24877,CASAPGTSGHTQYF,2
TRB,ACTGGCCTTATCTC,M02564:19:000000000-G15E1:1:2104:10657:21869,CASSLGRDSQETQYF,2
TRB,TGGAAAGAACTAGC,M02564:19:000000000-G15E1:1:2103:22475:23173,CASSSGLAGAWRLSGELFF,2
TRB,TATGTGCTCCGAAT,M02564:19:000000000-G15E1:1:2101:16702:27451,CASSLDREENTEAFF,2
TRB,TACTGGGAGACAGG,M02564:19:000000000-G15E1:1:2101:16883:24266,CASSDSSPTGELFF,2
TRB,TACTGGGAGACAGG,M02564:19:000000000-G15E1:1:2101:26888:20480,CASSDSSPTGELFF,2
TRB,TACGCGCTGGTATC,M02564:19:000000000-G15E1:1:2103:6808:13319,CAISDRGGETQYF,2
TRB,ATACTCTGGAAACA,M02564:19:000000000-G15E1:1:2104:18738:19312,CASSFDGYEQYF,2
TRB,CCGCTATGTCGCCT,M02564:19:000000000-G15E1:1:2104:10751:19816,CASSAARTDTQYF,2
TRB,TATGTGCTCCGAAT,M02564:19:000000000-G15E1:1:2102:17413:8491,CASSLDREENTEAFF,2
TRB,TATGTGCTCCGAAT,M02564:19:000000000-G15E1:1:2104:24701:11384,CASSLDREENTEAFF,2
TRA,GTTGATCTGCGTAT,M02564:19:000000000-G15E1:1:2103:16569:17498,CAVSNYGQNFVF,2
TRB,TACGCGCTGGTATC,M02564:19:000000000-G15E1:1:2101:15753:21908,CAISDRGGETQYF,2
TRB,CTATTGACTGAGCT,M02564:19:000000000-G15E1:1:2104:4752:12938,CASSSGLAGAWRLSGELFF,2
TRB,ATACTCTGGAAACA,M02564:19:000000000-G15E1:1:2103:12406:28575,CASSFDGYEQYF,2
TRB,CTTTGATGTCCTAT,M02564:19:000000000-G15E1:1:2104:14740:7101,CASSDPRDHSGNTIYF,2
TRB,GTTGATCTGCGTAT,M02564:19:000000000-G15E1:1:2103:21987:5671,CASSLSPGDTDTQYF,2
TRB,ACTGGCCTTATCTC,M02564:19:000000000-G15E1:1:2104:10586:25270,CASSLGRDSQETQYF,2
TRB,TATGTGCTCCGAAT,M02564:19:000000000-G15E1:1:2103:5901:23216,CASSLDREENTEAFF,2
TRB,ATACTCTGGAAACA,M02564:19:000000000-G15E1:1:2103:13225:18351,CASSFDGYEQYF,2
TRB,AGGTGTTGTTGTCT,M02564:19:000000000-G15E1:1:2103:6402:17880,CASSYSSFGEWVETQHF,2
TRB,TCCCGAACCCAGTA,M02564:19:000000000-G15E1:1:2104:9240:22541,CASSFDGYEQYF,2
TRB,GAGAGGTGGAGATA,M02564:19:000000000-G15E1:1:2101:18196:21938,CASSLAFSLAWYNEQFF,2
TRA,TATTTCCTGTGAGG,M02564:19:000000000-G15E1:1:2102:16769:8879,CAYLKPIAGGTSYGKLTF,2
TRA,TCCCGAACCCAGTA,M02564:19:000000000-G15E1:1:2101:19689:8460,CATRYDYTGANSKLTF,2
TRB,TATGTGCTCCGAAT,M02564:19:000000000-G15E1:1:2102:3255:17832,CASSLDREENTEAFF,2
TRB,CATCTCCTGGGAGT,M02564:19:000000000-G15E1:1:2101:15310:14851,CASSLPGDSTEAFF,2
TRB,CTTTGATGTCCTAT,M02564:19:000000000-G15E1:1:2101:7415:23143,CASSDPRDHSGNTIYF,2
TRB,TACGCGCTGGTATC,M02564:19:000000000-G15E1:1:2101:12476:19042,CAISDRGGETQYF,2
TRB,TACGCGCTGGTATC,M02564:19:000000000-G15E1:1:2102:11033:17467,CAISDRGGETQYF,2
TRB,TACGCGCTGGTATC,M02564:19:000000000-G15E1:1:2103:12590:2665,CAISDRGGETQYF,2
TRB,ATGCTTTGGAGGTG,M02564:19:000000000-G15E1:1:2103:4858:12296,CASSYWIQGEEFRVNQPQHF,2
TRA,TCCCGAACCCAGTA,M02564:19:000000000-G15E1:1:2103:20386:20575,CAVDRLYNTNAGKSTF,2
TRB,GTTGATCTGCGTAT,M02564:19:000000000-G15E1:1:2103:9657:15526,CASSLSPGDTDTQYF,2
TRB,CTATTGACTGAGCT,M02564:19:000000000-G15E1:1:2101:3416:14999,CASSSGLAGAWRLSGELFF,2
TRB,TACGCGCTGGTATC,M02564:19:000000000-G15E1:1:2102:6277:21525,CAISDRGGETQYF,2
TRB,TCCCGAACCCAGTA,M02564:19:000000000-G15E1:1:2103:16624:20434,CASSLPGDSTEAFF,2
TRB,TACGCGCTGGTATC,M02564:19:000000000-G15E1:1:2103:5625:24548,CAISDRGGETQYF,2
TRB,TACGCGCTGGTATC,M02564:19:000000000-G15E1:1:2103:17762:15751,CAISDRGGETQYF,2
TRB,CCGCTATGTCGCCT,M02564:19:000000000-G15E1:1:2104:21133:17460,CASSAARTDTQYF,2
TRB,GTTGATCTGCGTAT,M02564:19:000000000-G15E1:1:2102:25910:8757,CASSLSPGDTDTQYF,2
TRB,TACGCGCTGGTATC,M02564:19:000000000-G15E1:1:2102:11437:15525,CAISDRGGETQYF,2
TRB,GAGGGTGAGTCATG,M02564:19:000000000-G15E1:1:2101:14148:22699,CASSLWDRLMEKLFF,2
TRB,GTTGATCTGCGTAT,M02564:19:000000000-G15E1:1:2102:16721:9279,CASSLSPGDTDTQYF,2
TRB,GAGGGTGAGTCATG,M02564:19:000000000-G15E1:1:2101:22006:13012,CASSLWDRLMEKLFF,2
TRB,ACTTCTGAGTCGTA,M02564:19:000000000-G15E1:1:2103:4589:9847,CASSDSSPTGELFF,2
TRB,TCCCGAACCCAGTA,M02564:19:000000000-G15E1:1:2104:24970:15506,CASNPLRGELFF,2
TRB,CCGCTATGTCGCCT,M02564:19:000000000-G15E1:1:2103:18423:21700,CASSAARTDTQYF,2
TRA,TCCCGAACCCAGTA,M02564:19:000000000-G15E1:1:2104:22264:20759,CAVDRLYNTNAGKSTF,2
TRB,CATCTCCTGGGAGT,M02564:19:000000000-G15E1:1:2103:13665:24567,CASSLPGDSTEAFF,2
TRB,TATGTGCTCCGAAT,M02564:19:000000000-G15E1:1:2103:9629:26776,CASSLDREENTEAFF,2
TRA,TCCCGAACCCAGTA,M02564:19:000000000-G15E1:1:2102:15466:13451,CAVDRLYNTNAGKSTF,2
TRB,ATTGTAGATTGTGG,M02564:19:000000000-G15E1:1:2101:27693:10266,CASSDPRDHSGNTIYF,2
TRB,CCGCTATGTCGCCT,M02564:19:000000000-G15E1:1:2101:9780:15247,CASSDPRDHSGNTIYF,2
TRB,TATGTGCTCCGAAT,M02564:19:000000000-G15E1:1:2103:5492:7375,CASSLDREENTEAFF,2
TRB,TACGCGCTGGTATC,M02564:19:000000000-G15E1:1:2104:10841:8666,CASSAARTDTQYF,2
TRB,AGGTGTTGTTGTCT,M02564:19:000000000-G15E1:1:2101:12586:15600,CASSYSSFGEWVETQHF,2
TRB,TCCCGAACCCAGTA,M02564:19:000000000-G15E1:1:2103:19089:19140,CASSFDGYEQYF,2
TRB,CCGCTATGTCGCCT,M02564:19:000000000-G15E1:1:2103:20760:13735,CASSAARTDTQYF,2
TRA,ATACTCTGGAAACA,M02564:19:000000000-G15E1:1:2104:18212:19711,CGTSDNQAGTALIF,2
TRB,CTATTGACTGAGCT,M02564:19:000000000-G15E1:1:2104:8077:9605,CASSSGLAGAWRLSGELFF,2
TRB,TACTGGGAGACAGG,M02564:19:000000000-G15E1:1:2104:5742:11636,CASSDSSPTGELFF,2
TRB,TACGCGCTGGTATC,M02564:19:000000000-G15E1:1:2103:14499:20930,CAISDRGGETQYF,2
TRA,TATGTGCTCCGAAT,M02564:19:000000000-G15E1:1:2103:17570:10371,CGTSDNQAGTALIF,2
TRB,TACGCGCTGGTATC,M02564:19:000000000-G15E1:1:2101:16113:19911,CAISDRGGETQYF,2
TRB,ACTTCTGAGTCGTA,M02564:19:000000000-G15E1:1:2103:19180:20030,CASSDSSPTGELFF,2
TRB,CCGCTATGTCGCCT,M02564:19:000000000-G15E1:1:2104:10406:9228,CASSAARTDTQYF,2
TRB,TCCCGAACCCAGTA,M02564:19:000000000-G15E1:1:2102:9616:3910,CASSFDGYEQYF,2
TRB,CTATTGACTGAGCT,M02564:19:000000000-G15E1:1:2103:9414:3562,CASSSGLAGAWRLSGELFF,2
TRB,GTTGATCTGCGTAT,M02564:19:000000000-G15E1:1:2102:17766:27963,CASSLSPGDTDTQYF,2
TRB,ACTTCTGAGTCGTA,M02564:19:000000000-G15E1:1:2102:24189:22886,CASSFDGYEQYF,2
TRB,CCGCTATGTCGCCT,M02564:19:000000000-G15E1:1:2104:21350:7004,CASSAARTDTQYF,2
TRB,ACTGGCCTTATCTC,M02564:19:000000000-G15E1:1:2104:19618:8741,CASSLGRDSQETQYF,2
TRB,CCGCTATGTCGCCT,M02564:19:000000000-G15E1:1:2103:11781:11924,CASSAARTDTQYF,2
TRB,GTTGATCTGCGTAT,M02564:19:000000000-G15E1:1:2102:12798:26656,CASSLSPGDTDTQYF,2
TRB,ACTGGCCTTATCTC,M02564:19:000000000-G15E1:1:2103:24783:14555,CASSLGRDSQETQYF,2
TRA,TATTTCCTGTGAGG,M02564:19:000000000-G15E1:1:2104:19342:8804,CAYLKPIAGGTSYGKLTF,2
TRB,TCCCGAACCCAGTA,M02564:19:000000000-G15E1:1:2101:15177:27948,CAISDRGGETQYF,2
TRB,CTATTGACTGAGCT,M02564:19:000000000-G15E1:1:2104:21479:4136,CASSSGLAGAWRLSGELFF,2
TRB,ACTGGCCTTATCTC,M02564:19:000000000-G15E1:1:2101:9760:5584,CASSLGRDSQETQYF,2
TRB,CTATTGACTGAGCT,M02564:19:000000000-G15E1:1:2102:19884:2440,CASSSGLAGAWRLSGELFF,2
TRB,TACGCGCTGGTATC,M02564:19:000000000-G15E1:1:2101:16116:3927,CAISDRGGETQYF,2
TRB,TATGTGCTCCGAAT,M02564:19:000000000-G15E1:1:2102:6812:12690,CASSLDREENTEAFF,2
TRA,CCGCTATGTCGCCT,M02564:19:000000000-G15E1:1:2101:13050:16570,CVVISGGYNKLIF,2
TRB,TACGCGCTGGTATC,M02564:19:000000000-G15E1:1:2102:21343:13422,CAISDRGGETQYF,2
TRB,TATGTGCTCCGAAT,M02564:19:000000000-G15E1:1:2104:9511:15259,CASSLDREENTEAFF,2
TRB,AGGTGTTGTTGTCT,M02564:19:000000000-G15E1:1:2102:21288:6048,CASSYSSFGEWVETQHF,2
TRB,TCCCGAACCCAGTA,M02564:19:000000000-G15E1:1:2103:2686:14196,CASNPLRGELFF,2
TRB,TACGCGCTGGTATC,M02564:19:000000000-G15E1:1:2103:26964:14639,CAISDRGGETQYF,2
TRB,TATGTGCTCCGAAT,M02564:19:000000000-G15E1:1:2102:25063:19083,CASSLDREENTEAFF,2
TRB,TACTGGGAGACAGG,M02564:19:000000000-G15E1:1:2102:28057:19069,CASSDSSPTGELFF,2
TRB,ACTGGCCTTATCTC,M02564:19:000000000-G15E1:1:2104:20834:5014,CASSLGRDSQETQYF,2
TRB,GTTGATCTGCGTAT,M02564:19:000000000-G15E1:1:2102:8313:7611,CASSLSPGDTDTQYF,2
TRA,ATACTCTGGAAACA,M02564:19:000000000-G15E1:1:2104:11586:17781,CAVDRLYNTNAGKSTF,2
TRB,TACGCGCTGGTATC,M02564:19:000000000-G15E1:1:2104:7567:20976,CAISDRGGETQYF,2
TRA,ATACTCTGGAAACA,M02564:19:000000000-G15E1:1:2101:7741:16165,CAAGDTGTASKLTF,2
TRB,ATTGTAGATTGTGG,M02564:19:000000000-G15E1:1:2101:11189:27398,CASSDPRDHSGNTIYF,2
TRB,CTATTGACTGAGCT,M02564:19:000000000-G15E1:1:2103:16846:7359,CASSSGLAGAWRLSGELFF,2
TRB,TCCCGAACCCAGTA,M02564:19:000000000-G15E1:1:2103:14923:15206,CASSFDGYEQYF,2
TRB,TATGTGCTCCGAAT,M02564:19:000000000-G15E1:1:2102:3260:17190,CASSLDREENTEAFF,2
TRA,AGGTGTTGTTGTCT,M02564:19:000000000-G15E1:1:2104:10027:15250,CAGVGGNTPLVF,2
TRB,TCCCGAACCCAGTA,M02564:19:000000000-G15E1:1:2101:12564:26725,CASNPLRGELFF,2
TRB,ACTGGCCTTATCTC,M02564:19:000000000-G15E1:1:2102:13730:13730,CASSLGRDSQETQYF,2
TRB,CTATTGACTGAGCT,M02564:19:000000000-G15E1:1:2101:13017:9325,CASSSGLAGAWRLSGELFF,2
TRB,TATGTGCTCCGAAT,M02564:19:000000000-G15E1:1:2103:25280:8800,CASSLDREENTEAFF,2
TRA,ATACTCTGGAAACA,M02564:19:000000000-G15E1:1:2103:14087:23581,CAAGDTGTASKLTF,2
TRB,CAATATGATCTTAC,M02564:19:000000000-G15E1:1:2101:10138:15477,CASSSYPVAETQYF,2
TRB,CCGCTATGTCGCCT,M02564:19:000000000-G15E1:1:2104:11361:12750,CASSAARTDTQYF,2
TRB,GTTGATCTGCGTAT,M02564:19:000000000-G15E1:1:2101:13168:11074,CASSLSPGDTDTQYF,2
TRB,CAATATGATCTTAC,M02564:19:000000000-G15E1:1:2104:8922:9729,CASSSYPVAETQYF,2
TRB,TACGCGCTGGTATC,M02564:19:000000000-G15E1:1:2104:9061:13793,CAISDRGGETQYF,2
TRB,CTATTGACTGAGCT,M02564:19:000000000-G15E1:1:2101:17059:13141,CASSSGLAGAWRLSGELFF,2
TRB,TACTGGGAGACAGG,M02564:19:000000000-G15E1:1:2101:26688:15393,CASSDSSPTGELFF,2
TRB,CATCTCCTGGGAGT,M02564:19:000000000-G15E1:1:2104:22823:10627,CASSLDREENTEAFF,2
TRB,CTATTGACTGAGCT,M02564:19:000000000-G15E1:1:2101:12262:25866,CASSSGLAGAWRLSGELFF,2
TRB,GAGAGGTGGAGATA,M02564:19:000000000-G15E1:1:2101:16308:14029,CASSLAFSLAWYNEQFF,2
TRB,GAGAGGTGGAGATA,M02564:19:000000000-G15E1:1:2102:12714:19889,CASSAARTDTQYF,2
TRB,ATACTCTGGAAACA,M02564:19:000000000-G15E1:1:2104:13159:7639,CASSFDGYEQYF,2
TRB,ACGATCGACGTACA,M02564:19:000000000-G15E1:1:2104:16121:26941,CASSLDREENTEAFF,2
TRB,TACGCGCTGGTATC,M02564:19:000000000-G15E1:1:2101:15259:10036,CAISDRGGETQYF,2
TRB,CATCTCCTGGGAGT,M02564:19:000000000-G15E1:1:2104:7335:23083,CASSLPGDSTEAFF,2
TRB,GAGGGTGAGTCATG,M02564:19:000000000-G15E1:1:2103:9850:25194,CASSLGRDSQETQYF,2
TRB,CACTGCACCAAAGA,M02564:19:000000000-G15E1:1:2101:9563:22516,CASSDPRDHSGNTIYF,2
TRB,ACTGGCCTTATCTC,M02564:19:000000000-G15E1:1:2104:9331:27095,CASSLGRDSQETQYF,2
TRB,TCCCGAACCCAGTA,M02564:19:000000000-G15E1:1:2104:3950:15431,CASSFDGYEQYF,2
TRB,GTTGATCTGCGTAT,M02564:19:000000000-G15E1:1:2101:19351:26178,CASSLSPGDTDTQYF,2
TRA,TATTTCCTGTGAGG,M02564:19:000000000-G15E1:1:2101:7999:19388,CAYLKPIAGGTSYGKLTF,2
TRB,CTATTGACTGAGCT,M02564:19:000000000-G15E1:1:2102:19961:13311,CASSSGLAGAWRLSGELFF,2
TRB,ATACTCTGGAAACA,M02564:19:000000000-G15E1:1:2101:5117:14674,CASSFDGYEQYF,2
TRB,ATGCTTTGGAGGTG,M02564:19:000000000-G15E1:1:2102:28258:15622,CASSYWIQGEEFRVNQPQHF,2
TRA,CAATATGATCTTAC,M02564:19:000000000-G15E1:1:2101:22596:17300,CAVQGGSEKLVF,2
TRB,ATACTCTGGAAACA,M02564:19:000000000-G15E1:1:2102:18173:8529,CASSFDGYEQYF,2
TRB,TATGTGCTCCGAAT,M02564:19:000000000-G15E1:1:2101:22984:11873,CASSLDREENTEAFF,2
TRB,ACTGGCCTTATCTC,M02564:19:000000000-G15E1:1:2101:20947:14197,CASSLGRDSQETQYF,2
TRB,TACGCGCTGGTATC,M02564:19:000000000-G15E1:1:2104:6916:20594,CAISDRGGETQYF,2
TRB,TACGCGCTGGTATC,M02564:19:000000000-G15E1:1:2102:12301:13087,CAISDRGGETQYF,2
TRA,TATTTCCTGTGAGG,M02564:19:000000000-G15E1:1:2104:8811:11647,CAYLKPIAGGTSYGKLTF,2
TRB,TACGCGCTGGTATC,M02564:19:000000000-G15E1:1:2103:9585:21249,CAISDRGGETQYF,2
TRB,TCCCGAACCCAGTA,M02564:19:000000000-G15E1:1:2104:20502:4709,CASSFDGYEQYF,2
TRB,CCTCGAACCCAACA,M02564:19:000000000-G15E1:1:2103:18122:3661,CASAPGTSGHTQYF,2
TRA,AGGTGTTGTTGTCT,M02564:19:000000000-G15E1:1:2101:4958:15804,CAGVGGNTPLVF,2
TRB,TATGTGCTCCGAAT,M02564:19:000000000-G15E1:1:2104:15567:25845,CASSLDREENTEAFF,2
TRA,TCCCGAACCCAGTA,M02564:19:000000000-G15E1:1:2104:12296:23880,CAVDRLYNTNAGKSTF,2
TRB,CCGCTATGTCGCCT,M02564:19:000000000-G15E1:1:2103:24399:14091,CASSSGLAGAWRLSGELFF,2
TRB,ATACTCTGGAAACA,M02564:19:000000000-G15E1:1:2102:9730:2881,CASSFDGYEQYF,2
TRA,ATACTCTGGAAACA,M02564:19:000000000-G15E1:1:2103:12676:19410,CGTSDNQAGTALIF,2
TRB,TCCCGAACCCAGTA,M02564:19:000000000-G15E1:1:2102:27608:14858,CASSFDGYEQYF,2
TRB,TACGCGCTGGTATC,M02564:19:000000000-G15E1:1:2104:11228:24971,CAISDRGGETQYF,2
TRB,CAATATGATCTTAC,M02564:19:000000000-G15E1:1:2104:11033:5090,CASSSYPVAETQYF,2
TRB,TACGCGCTGGTATC,M02564:19:000000000-G15E1:1:2101:26731:7542,CAISDRGGETQYF,2
TRB,ATACTCTGGAAACA,M02564:19:000000000-G15E1:1:2101:6665:16440,CASSFDGYEQYF,2
TRB,ACTGGCCTTATCTC,M02564:19:000000000-G15E1:1:2103:28331:17006,CASSLGRDSQETQYF,2
TRB,AACAGCACAGTAGA,M02564:19:000000000-G15E1:1:2101:14888:23412,CASSFDGYEQYF,2
TRA,ATACTCTGGAAACA,M02564:19:000000000-G15E1:1:2102:12006:7876,CGTSDNQAGTALIF,2
TRB,AGGTGTTGTTGTCT,M02564:19:000000000-G15E1:1:2101:3418:15663,CASSYSSFGEWVETQHF,2
TRB,CCTCGAACCCAACA,M02564:19:000000000-G15E1:1:2102:21812:27076,CASAPGTSGHTQYF,2
TRB,AACAGCACAGTAGA,M02564:19:000000000-G15E1:1:2103:4878:20978,CASSFDGYEQYF,2
TRB,ATGCTTTGGAGGTG,M02564:19:000000000-G15E1:1:2101:9733:17706,CASSYWIQGEEFRVNQPQHF,2
TRB,CTATTGACTGAGCT,M02564:19:000000000-G15E1:1:2101:8210:20818,CASSSGLAGAWRLSGELFF,2
TRB,TACGCGCTGGTATC,M02564:19:000000000-G15E1:1:2104:22258:21873,CAISDRGGETQYF,2
TRB,ACTGGCCTTATCTC,M02564:19:000000000-G15E1:1:2102:26719:17724,CASSLGRDSQETQYF,2
TRB,TGGAAAGAACTAGC,M02564:19:000000000-G15E1:1:2101:10465:24423,CAISDRGGETQYF,2
TRB,CTTTGATGTCCTAT,M02564:19:000000000-G15E1:1:2102:11712:22888,CASSDPRDHSGNTIYF,2
TRA,TATTTCCTGTGAGG,M02564:19:000000000-G15E1:1:2101:17881:15211,CAYLKPIAGGTSYGKLTF,2
TRB,ATGCTTTGGAGGTG,M02564:19:000000000-G15E1:1:2103:9026:20747,CASSYWIQGEEFRVNQPQHF,2
TRB,CTATTGACTGAGCT,M02564:19:000000000-G15E1:1:2101:10789:5674,CASSSGLAGAWRLSGELFF,2
TRB,TATGTGCTCCGAAT,M02564:19:000000000-G15E1:1:2104:18599:9232,CASSLDREENTEAFF,2
TRB,CCGCTATGTCGCCT,M02564:19:000000000-G15E1:1:2102:16539:6907,CASSAARTDTQYF,2
TRB,CTTTGATGTCCTAT,M02564:19:000000000-G15E1:1:2102:13042:18387,CASSDPRDHSGNTIYF,2
TRB,GAGAGGTGGAGATA,M02564:19:000000000-G15E1:1:2104:18128:24954,CASSLAFSLAWYNEQFF,2
TRA,ATACTCTGGAAACA,M02564:19:000000000-G15E1:1:2104:20731:24382,CGTSDNQAGTALIF,2
TRB,TGGAAAGAACTAGC,M02564:19:000000000-G15E1:1:2101:12856:5548,CAISDRGGETQYF,2
TRB,ATTGTAGATTGTGG,M02564:19:000000000-G15E1:1:2104:16908:6376,CASSDPRDHSGNTIYF,2
TRA,ATACTCTGGAAACA,M02564:19:000000000-G15E1:1:2104:15477:17803,CGTSDNQAGTALIF,2
TRB,GTTGATCTGCGTAT,M02564:19:000000000-G15E1:1:2103:7885:11709,CASSLSPGDTDTQYF,2
TRA,ATACTCTGGAAACA,M02564:19:000000000-G15E1:1:2101:13143:5343,CAAGDTGTASKLTF,2
TRB,ACTGGCCTTATCTC,M02564:19:000000000-G15E1:1:2102:13457:4198,CASSLGRDSQETQYF,2
TRB,TATGTGCTCCGAAT,M02564:19:000000000-G15E1:1:2101:10480:15646,CASSLDREENTEAFF,2
TRB,GTTGATCTGCGTAT,M02564:19:000000000-G15E1:1:2101:17575:3578,CASSLSPGDTDTQYF,2
TRB,TATGTGCTCCGAAT,M02564:19:000000000-G15E1:1:2102:4768:14187,CASSLDREENTEAFF,2
TRA,ATACTCTGGAAACA,M02564:19:000000000-G15E1:1:2101:11029:10787,CGTSDNQAGTALIF,2
TRA,CAATATGATCTTAC,M02564:19:000000000-G15E1:1:2101:21678:5022,CAVQGGSEKLVF,2
TRB,CCGAAAACGCTGTA,M02564:19:000000000-G15E1:1:2102:25265:8484,CASSDSSPTGELFF,2
TRB,TCCCGAACCCAGTA,M02564:19:000000000-G15E1:1:2103:15538:19343,CASSFDGYEQYF,2
TRB,ACTGGCCTTATCTC,M02564:19:000000000-G15E1:1:2102:13397:3168,CASSLGRDSQETQYF,2
TRA,TATTTCCTGTGAGG,M02564:19:000000000-G15E1:1:2102:22031:8203,CAYLKPIAGGTSYGKLTF,2
TRB,TACTGGGAGACAGG,M02564:19:000000000-G15E1:1:2102:24559:9088,CASSDSSPTGELFF,2
TRB,TCCCGAACCCAGTA,M02564:19:000000000-G15E1:1:2103:28158:11890,CASSFDGYEQYF,2
TRB,ACTGGCCTTATCTC,M02564:19:000000000-G15E1:1:2103:28951:17682,CASSLGRDSQETQYF,2
TRB,CTATTGACTGAGCT,M02564:19:000000000-G15E1:1:2102:12853:3514,CASSSGLAGAWRLSGELFF,2
TRB,GAGGGTGAGTCATG,M02564:19:000000000-G15E1:1:2104:3307:16566,CASSLWDRLMEKLFF,2
TRB,ATACTCTGGAAACA,M02564:19:000000000-G15E1:1:2104:14198:12971,CASSFDGYEQYF,2
TRB,TATGTGCTCCGAAT,M02564:19:000000000-G15E1:1:2104:18550:26526,CASSLDREENTEAFF,2
TRB,ACTGGCCTTATCTC,M02564:19:000000000-G15E1:1:2102:12404:15339,CASSLGRDSQETQYF,2
TRB,TCCCGAACCCAGTA,M02564:19:000000000-G15E1:1:2101:5666:23877,CASSFDGYEQYF,2
TRB,ACTTCTGAGTCGTA,M02564:19:000000000-G15E1:1:2102:3906:17443,CASSDSSPTGELFF,2
TRB,CTATTGACTGAGCT,M02564:19:000000000-G15E1:1:2103:24225:11198,CASSSGLAGAWRLSGELFF,2
TRB,GTTGATCTGCGTAT,M02564:19:000000000-G15E1:1:2103:28200:17786,CASSLSPGDTDTQYF,2
TRA,CACTGCACCAAAGA,M02564:19:000000000-G15E1:1:2101:4311:19604,CATDPMDSSYKLIF,2
TRB,TACGCGCTGGTATC,M02564:19:000000000-G15E1:1:2104:18937:15168,CAISDRGGETQYF,2
TRA,TCCCGAACCCAGTA,M02564:19:000000000-G15E1:1:2102:16828:25975,CAVDRLYNTNAGKSTF,2
TRB,CACTGCACCAAAGA,M02564:19:000000000-G15E1:1:2102:4602:22966,CASSLGRDSQETQYF,2
TRB,TACGCGCTGGTATC,M02564:19:000000000-G15E1:1:2102:28711:19695,CAISDRGGETQYF,2
TRB,ATACTCTGGAAACA,M02564:19:000000000-G15E1:1:2104:8715:21465,CASSFDGYEQYF,2
TRB,GTTGATCTGCGTAT,M02564:19:000000000-G15E1:1:2104:13728:27413,CASSLSPGDTDTQYF,2
TRB,ACTTCTGAGTCGTA,M02564:19:000000000-G15E1:1:2101:20634:17313,CASSLDREENTEAFF,2
TRB,TACGCGCTGGTATC,M02564:19:000000000-G15E1:1:2103:12331:9599,CAISDRGGETQYF,2
TRA,GAGGGTGAGTCATG,M02564:19:000000000-G15E1:1:2103:8840:18787,CAVRDFNDYKLSF,2
TRB,ACTGGCCTTATCTC,M02564:19:000000000-G15E1:1:2101:15039:27965,CASSLGRDSQETQYF,2
TRB,CCGCTATGTCGCCT,M02564:19:000000000-G15E1:1:2104:14997:24649,CASSAARTDTQYF,2
TRB,CACTGCACCAAAGA,M02564:19:000000000-G15E1:1:2103:12434:24234,CASSDPRDHSGNTIYF,2
TRB,TACGCGCTGGTATC,M02564:19:000000000-G15E1:1:2101:23150:22874,CAISDRGGETQYF,2
TRB,CCTCGAACCCAACA,M02564:19:000000000-G15E1:1:2102:14093:11003,CASAPGTSGHTQYF,2
TRB,ACTTCTGAGTCGTA,M02564:19:000000000-G15E1:1:2103:10840:24740,CASSDSSPTGELFF,2
TRB,TACTGGGAGACAGG,M02564:19:000000000-G15E1:1:2102:11409:3260,CASSDSSPTGELFF,2
chain,barcode,read,cdr3,flag
TRB,GAGGGTGAGTCATG,M02564:19:000000000-G15E1:1:1103:11484:28501,CASSLWDRLMEKLFF,1
TRB,TACGCGCTGGTATC,M02564:19:000000000-G15E1:1:1102:13082:6482,CAISDRGGETQYF,1
TRB,TACCGAGATACTGG,M02564:19:000000000-G15E1:1:1104:8504:4934,CASSQDTGDEKLFF,1
TRB,AGGTGTTGTTGTCT,M02564:19:000000000-G15E1:1:1104:10161:3026,CASSYSSFGEWVETQHF,1
TRB,TACGCGCTGGTATC,M02564:19:000000000-G15E1:1:1103:5585:6190,CAISDRGGETQYF,1
TRB,GAGGGTGAGTCATG,M02564:19:000000000-G15E1:1:1101:24493:20730,CASSLWDRLMEKLFF,1
TRB,TCCCGAACCCAGTA,M02564:19:000000000-G15E1:1:1103:2413:18172,CASSFDGYEQYF,1
TRB,CATCTCCTGGGAGT,M02564:19:000000000-G15E1:1:1101:10339:18295,CASSLPGDSTEAFF,1
chain,barcode,read,cdr3,flag
TRB,ACTGGCCTTATCTC,M02564:19:000000000-G15E1:1:1102:23537:25169,CASSLGRDSQETQYF,0
TRB,ACTGGCCTTATCTC,M02564:19:000000000-G15E1:1:1103:26833:15902,CASSLGRDSQETQYF,0
TRB,TCGTGAGAGAATAG,M02564:19:000000000-G15E1:1:1104:15458:6330,CASSLDREENTEAFF,0
TRB,GAGGGTGAGTCATG,M02564:19:000000000-G15E1:1:1101:19897:15226,CASSLWDRLMEKLFF,0
TRB,ACTGGCCTTATCTC,M02564:19:000000000-G15E1:1:1104:17956:6770,CASSLGRDSQETQYF,0
TRB,CCTCGAACCCAACA,M02564:19:000000000-G15E1:1:1101:10439:22161,CASAPGTSGHTQYF,0
TRB,TACCGAGATACTGG,M02564:19:000000000-G15E1:1:1101:14788:24624,CASSLPGDSTEAFF,0
TRB,ACTTCTGAGTCGTA,M02564:19:000000000-G15E1:1:1101:12397:2163,CASSDSSPTGELFF,0
TRB,TCCCGAACCCAGTA,M02564:19:000000000-G15E1:1:1103:10275:15922,CASSFDGYEQYF,0
TRB,CAATATGATCTTAC,M02564:19:000000000-G15E1:1:1104:15109:4303,CASSSYPVAETQYF,0
TRB,CTATTGACTGAGCT,M02564:19:000000000-G15E1:1:1103:24497:13267,CASSSGLAGAWRLSGELFF,0
TRB,TACGCGCTGGTATC,M02564:19:000000000-G15E1:1:1103:7166:11321,CAISDRGGETQYF,0
TRB,TACGCGCTGGTATC,M02564:19:000000000-G15E1:1:1101:25451:20555,CAISDRGGETQYF,0
TRB,TCCCGAACCCAGTA,M02564:19:000000000-G15E1:1:1103:21810:24563,CASNPLRGELFF,0
TRB,TACGCGCTGGTATC,M02564:19:000000000-G15E1:1:1102:11882:24698,CAISDRGGETQYF,0
TRB,TACGCGCTGGTATC,M02564:19:000000000-G15E1:1:1104:12794:11676,CASSFDGYEQYF,0
TRB,ACTGGCCTTATCTC,M02564:19:000000000-G15E1:1:1101:18600:14622,CASSLGRDSQETQYF,0
TRA,CCGCTATGTCGCCT,M02564:19:000000000-G15E1:1:1101:21766:12177,CVVISGGYNKLIF,0
TRB,TATGTGCTCCGAAT,M02564:19:000000000-G15E1:1:1103:18644:9110,CASSLDREENTEAFF,0
TRB,CCTCGAACCCAACA,M02564:19:000000000-G15E1:1:1104:23581:16045,CASAPGTSGHTQYF,0
TRB,ACTTCTGAGTCGTA,M02564:19:000000000-G15E1:1:1104:12250:8375,CASSDSSPTGELFF,0
TRB,GTTGATCTGCGTAT,M02564:19:000000000-G15E1:1:1103:13381:24912,CASSLSPGDTDTQYF,0
TRB,ATACTCTGGAAACA,M02564:19:000000000-G15E1:1:1102:9000:7580,CASSFDGYEQYF,0
TRB,GAGGGTGAGTCATG,M02564:19:000000000-G15E1:1:1104:14189:18962,CASSLWDRLMEKLFF,0
TRB,TATGTGCTCCGAAT,M02564:19:000000000-G15E1:1:1104:11277:3532,CASSLDREENTEAFF,0
TRB,TACGCGCTGGTATC,M02564:19:000000000-G15E1:1:1104:7705:7380,CAISDRGGETQYF,0
TRB,TACTGGGAGACAGG,M02564:19:000000000-G15E1:1:1103:14967:21731,CASSDSSPTGELFF,0
TRB,TATGTGCTCCGAAT,M02564:19:000000000-G15E1:1:1103:25013:23054,CASSLDREENTEAFF,0
TRB,ACTTCTGAGTCGTA,M02564:19:000000000-G15E1:1:1103:25315:20418,CASSDSSPTGELFF,0
TRB,ATACTCTGGAAACA,M02564:19:000000000-G15E1:1:1104:15456:18604,CASSFDGYEQYF,0
TRB,ATGCTTTGGAGGTG,M02564:19:000000000-G15E1:1:1103:21359:20299,CASSYWIQGEEFRVNQPQHF,0
TRB,AGGTGTTGTTGTCT,M02564:19:000000000-G15E1:1:1102:7834:18746,CASSYSSFGEWVETQHF,0
TRB,CCTCGAACCCAACA,M02564:19:000000000-G15E1:1:1101:16957:19862,CASAPGTSGHTQYF,0
TRB,GAGGGTGAGTCATG,M02564:19:000000000-G15E1:1:1103:18491:14399,CASSLWDRLMEKLFF,0
TRB,TATGTGCTCCGAAT,M02564:19:000000000-G15E1:1:1102:8159:5345,CASSLDREENTEAFF,0
TRB,GAGGGTGAGTCATG,M02564:19:000000000-G15E1:1:1102:3709:20873,CASSLWDRLMEKLFF,0
TRB,TATGTGCTCCGAAT,M02564:19:000000000-G15E1:1:1101:5755:21267,CASSQDTGDEKLFF,0
TRB,CTTTGATGTCCTAT,M02564:19:000000000-G15E1:1:1101:12525:7969,CASSDPRDHSGNTIYF,0
TRB,GAGGGTGAGTCATG,M02564:19:000000000-G15E1:1:1104:19414:5198,CASSLWDRLMEKLFF,0
TRB,TATGTGCTCCGAAT,M02564:19:000000000-G15E1:1:1103:22343:10486,CASSLDREENTEAFF,0
TRB,CTTTGATGTCCTAT,M02564:19:000000000-G15E1:1:1103:21330:14103,CASSDPRDHSGNTIYF,0
TRB,GTTGATCTGCGTAT,M02564:19:000000000-G15E1:1:1102:26457:9827,CASSLSPGDTDTQYF,0
TRB,TACGCGCTGGTATC,M02564:19:000000000-G15E1:1:1104:11264:16186,CAISDRGGETQYF,0
TRB,GTTGATCTGCGTAT,M02564:19:000000000-G15E1:1:1103:19577:10788,CASSLSPGDTDTQYF,0
TRB,AGGTGTTGTTGTCT,M02564:19:000000000-G15E1:1:1102:18598:2667,CASSYSSFGEWVETQHF,0
TRB,GAGAGGTGGAGATA,M02564:19:000000000-G15E1:1:1104:10235:5020,CASSLAFSLAWYNEQFF,0
TRB,TACGCGCTGGTATC,M02564:19:000000000-G15E1:1:1101:24055:6591,CAISDRGGETQYF,0
TRB,CTATTGACTGAGCT,M02564:19:000000000-G15E1:1:1101:8546:18839,CASSSGLAGAWRLSGELFF,0
TRB,TCCCGAACCCAGTA,M02564:19:000000000-G15E1:1:1101:25713:14331,CASSFDGYEQYF,0
TRB,ATTGTAGATTGTGG,M02564:19:000000000-G15E1:1:1104:17498:10892,CASSDPRDHSGNTIYF,0
TRB,CATCTCCTGGGAGT,M02564:19:000000000-G15E1:1:1103:16790:19205,CASSLPGDSTEAFF,0
TRB,TACGCGCTGGTATC,M02564:19:000000000-G15E1:1:1103:12910:21584,CAISDRGGETQYF,0
TRB,TATGTGCTCCGAAT,M02564:19:000000000-G15E1:1:1104:22727:6761,CASSLDREENTEAFF,0
TRB,TACGCGCTGGTATC,M02564:19:000000000-G15E1:1:1103:8342:17926,CAISDRGGETQYF,0
TRB,TATGTGCTCCGAAT,M02564:19:000000000-G15E1:1:1103:20983:14637,CASSLDREENTEAFF,0
TRB,ACTTCTGAGTCGTA,M02564:19:000000000-G15E1:1:1101:4841:16262,CASSDSSPTGELFF,0
TRB,TATGTGCTCCGAAT,M02564:19:000000000-G15E1:1:1102:7875:17814,CASSLDREENTEAFF,0
TRB,ACTGGCCTTATCTC,M02564:19:000000000-G15E1:1:1101:18137:18996,CASSLWDRLMEKLFF,0
TRB,GAGGGTGAGTCATG,M02564:19:000000000-G15E1:1:1103:22725:23657,CASSLWDRLMEKLFF,0
TRB,CATCTCCTGGGAGT,M02564:19:000000000-G15E1:1:1103:17823:16758,CASSLPGDSTEAFF,0
TRB,TACGCGCTGGTATC,M02564:19:000000000-G15E1:1:1104:14048:27346,CAISDRGGETQYF,0
TRB,ATACTCTGGAAACA,M02564:19:000000000-G15E1:1:1103:27672:21764,CASSDSSPTGELFF,0
TRB,TACGCGCTGGTATC,M02564:19:000000000-G15E1:1:1104:18216:11208,CAISDRGGETQYF,0
TRB,TATGTGCTCCGAAT,M02564:19:000000000-G15E1:1:1103:17533:5736,CASSLDREENTEAFF,0
TRB,ATACTCTGGAAACA,M02564:19:000000000-G15E1:1:1104:4471:7722,CASSFDGYEQYF,0
TRB,CCGCTATGTCGCCT,M02564:19:000000000-G15E1:1:1104:5463:15532,CASSAARTDTQYF,0
TRB,GTTGATCTGCGTAT,M02564:19:000000000-G15E1:1:1101:8974:15949,CASSLSPGDTDTQYF,0
TRB,GAGGGTGAGTCATG,M02564:19:000000000-G15E1:1:1101:15987:2956,CASSLWDRLMEKLFF,0
TRB,TATGTGCTCCGAAT,M02564:19:000000000-G15E1:1:1103:21374:22039,CASSLDREENTEAFF,0
TRB,ATGCTTTGGAGGTG,M02564:19:000000000-G15E1:1:1104:13106:14391,CASSYWIQGEEFRVNQPQHF,0
TRB,GTTGATCTGCGTAT,M02564:19:000000000-G15E1:1:1101:14233:4704,CASSLSPGDTDTQYF,0
TRB,GAGGGTGAGTCATG,M02564:19:000000000-G15E1:1:1104:24498:15277,CASSLWDRLMEKLFF,0
TRB,TATGTGCTCCGAAT,M02564:19:000000000-G15E1:1:1104:28875:13055,CASSLDREENTEAFF,0
TRB,TGGAAAGAACTAGC,M02564:19:000000000-G15E1:1:1101:16860:5433,CAISDRGGETQYF,0
TRB,ATTGTAGATTGTGG,M02564:19:000000000-G15E1:1:1104:26982:8469,CASSDPRDHSGNTIYF,0
TRB,CAATATGATCTTAC,M02564:19:000000000-G15E1:1:1103:24419:19730,CASSSYPVAETQYF,0
TRB,CATCTCCTGGGAGT,M02564:19:000000000-G15E1:1:1103:15431:26825,CASSLPGDSTEAFF,0
TRB,ACTGGCCTTATCTC,M02564:19:000000000-G15E1:1:1103:5118:16851,CASSLGRDSQETQYF,0
TRB,TATGTGCTCCGAAT,M02564:19:000000000-G15E1:1:1102:15531:9692,CASSLDREENTEAFF,0
TRA,GAGGGTGAGTCATG,M02564:19:000000000-G15E1:1:1102:20774:24226,CAVRDFNDYKLSF,0
TRB,CATCTCCTGGGAGT,M02564:19:000000000-G15E1:1:1102:24367:13757,CASSLPGDSTEAFF,0
TRB,TATGTGCTCCGAAT,M02564:19:000000000-G15E1:1:1101:9597:19161,CASSLDREENTEAFF,0
TRB,TACGCGCTGGTATC,M02564:19:000000000-G15E1:1:1101:16259:7594,CAISDRGGETQYF,0
TRB,TACGCGCTGGTATC,M02564:19:000000000-G15E1:1:1101:15800:24812,CAISDRGGETQYF,0
TRB,TATGTGCTCCGAAT,M02564:19:000000000-G15E1:1:1103:16114:21929,CASSLDREENTEAFF,0
TRB,ACTGGCCTTATCTC,M02564:19:000000000-G15E1:1:1102:16643:10900,CASSLGRDSQETQYF,0
TRB,GAGAGGTGGAGATA,M02564:19:000000000-G15E1:1:1102:20922:15209,CASSLAFSLAWYNEQFF,0
TRB,GAGGGTGAGTCATG,M02564:19:000000000-G15E1:1:1104:20581:9027,CASSLWDRLMEKLFF,0
TRB,TCCCGAACCCAGTA,M02564:19:000000000-G15E1:1:1103:12630:4850,CASSFDGYEQYF,0
TRB,TATGTGCTCCGAAT,M02564:19:000000000-G15E1:1:1101:20047:21384,CASSLDREENTEAFF,0
TRB,TACGCGCTGGTATC,M02564:19:000000000-G15E1:1:1101:12507:15382,CAISDRGGETQYF,0
TRB,TATGTGCTCCGAAT,M02564:19:000000000-G15E1:1:1103:25237:14801,CASSLDREENTEAFF,0
TRB,ACTTCTGAGTCGTA,M02564:19:000000000-G15E1:1:1101:21869:6059,CASSDSSPTGELFF,0
TRB,ATGCTTTGGAGGTG,M02564:19:000000000-G15E1:1:1104:25041:19012,CASSYWIQGEEFRVNQPQHF,0
TRB,ACTTCTGAGTCGTA,M02564:19:000000000-G15E1:1:1104:12693:14390,CASSDSSPTGELFF,0
TRB,TACGCGCTGGTATC,M02564:19:000000000-G15E1:1:1103:11656:18729,CAISDRGGETQYF,0
TRB,TGGAAAGAACTAGC,M02564:19:000000000-G15E1:1:1102:18644:13677,CAISDRGGETQYF,0
TRB,TATGTGCTCCGAAT,M02564:19:000000000-G15E1:1:1102:21059:10637,CASSLDREENTEAFF,0
TRB,ACTTCTGAGTCGTA,M02564:19:000000000-G15E1:1:1103:9240:11898,CASSDSSPTGELFF,0
TRB,TACCGAGATACTGG,M02564:19:000000000-G15E1:1:1102:25726:19906,CASSDSSPTGELFF,0
TRB,ACTGGCCTTATCTC,M02564:19:000000000-G15E1:1:1103:23536:21601,CASSLGRDSQETQYF,0
TRB,CCGCTATGTCGCCT,M02564:19:000000000-G15E1:1:1104:10968:17738,CASSAARTDTQYF,0
TRB,ATACTCTGGAAACA,M02564:19:000000000-G15E1:1:1101:18024:2815,CASSDSSPTGELFF,0
TRB,ACTGGCCTTATCTC,M02564:19:000000000-G15E1:1:1103:12386:22162,CAISDRGGETQYF,0
TRB,TACGCGCTGGTATC,M02564:19:000000000-G15E1:1:1101:16118:2916,CASSSYPVAETQYF,0
TRB,CACTGCACCAAAGA,M02564:19:000000000-G15E1:1:1104:11235:16833,CASSFDGYEQYF,0
TRB,TACGCGCTGGTATC,M02564:19:000000000-G15E1:1:1103:16812:10756,CAISDRGGETQYF,0
TRB,ATACTCTGGAAACA,M02564:19:000000000-G15E1:1:1101:16904:10957,CASAPGTSGHTQYF,0
TRB,CCGCTATGTCGCCT,M02564:19:000000000-G15E1:1:1101:11677:8759,CASSAARTDTQYF,0
TRB,TGGAAAGAACTAGC,M02564:19:000000000-G15E1:1:1104:15334:27267,CAISDRGGETQYF,0
TRB,CCGCTATGTCGCCT,M02564:19:000000000-G15E1:1:1101:16670:19438,CASSAARTDTQYF,0
TRB,TACGCGCTGGTATC,M02564:19:000000000-G15E1:1:1101:17039:8720,CAISDRGGETQYF,0
TRB,TCCCGAACCCAGTA,M02564:19:000000000-G15E1:1:1101:23848:21361,CAISDRGGETQYF,0
TRB,ATACTCTGGAAACA,M02564:19:000000000-G15E1:1:1101:21027:8366,CASSFDGYEQYF,0
TRB,TATGTGCTCCGAAT,M02564:19:000000000-G15E1:1:1101:19317:7598,CASSLDREENTEAFF,0
TRB,GAGAGGTGGAGATA,M02564:19:000000000-G15E1:1:1101:9314:13296,CASSLAFSLAWYNEQFF,0
TRB,ACTGGCCTTATCTC,M02564:19:000000000-G15E1:1:1102:12246:22240,CASSLGRDSQETQYF,0
TRB,TCCCGAACCCAGTA,M02564:19:000000000-G15E1:1:1102:14112:4290,CASSFDGYEQYF,0
TRB,GTTGATCTGCGTAT,M02564:19:000000000-G15E1:1:1103:21218:10661,CASSLSPGDTDTQYF,0
TRB,CATCTCCTGGGAGT,M02564:19:000000000-G15E1:1:1101:26602:18430,CASSLPGDSTEAFF,0
TRB,TCCCGAACCCAGTA,M02564:19:000000000-G15E1:1:1104:18351:21490,CASNPLRGELFF,0
TRB,TACGCGCTGGTATC,M02564:19:000000000-G15E1:1:1104:11571:14608,CAISDRGGETQYF,0
TRB,TCCCGAACCCAGTA,M02564:19:000000000-G15E1:1:1103:13230:22175,CASSFDGYEQYF,0
TRB,GTTGATCTGCGTAT,M02564:19:000000000-G15E1:1:1101:20872:8718,CASSLSPGDTDTQYF,0
TRB,CAATATGATCTTAC,M02564:19:000000000-G15E1:1:1101:27265:18803,CASSSYPVAETQYF,0
TRB,CCGCTATGTCGCCT,M02564:19:000000000-G15E1:1:1101:12960:7596,CASSAARTDTQYF,0
TRB,TACGCGCTGGTATC,M02564:19:000000000-G15E1:1:1102:5098:16799,CAISDRGGETQYF,0
TRB,CCGCTATGTCGCCT,M02564:19:000000000-G15E1:1:1102:22642:22625,CASSAARTDTQYF,0
TRB,TATGTGCTCCGAAT,M02564:19:000000000-G15E1:1:1102:5749:6901,CASSLDREENTEAFF,0
TRB,TACGCGCTGGTATC,M02564:19:000000000-G15E1:1:1102:4241:11004,CAISDRGGETQYF,0
TRB,ATACTCTGGAAACA,M02564:19:000000000-G15E1:1:1102:5823:21876,CASSFDGYEQYF,0
TRB,ACTTCTGAGTCGTA,M02564:19:000000000-G15E1:1:1104:18516:12284,CASSDSSPTGELFF,0
TRB,CATCTCCTGGGAGT,M02564:19:000000000-G15E1:1:1101:22398:20475,CASSLPGDSTEAFF,0
TRB,ACTGGCCTTATCTC,M02564:19:000000000-G15E1:1:1102:15651:10528,CASSLGRDSQETQYF,0
TRB,GAGGGTGAGTCATG,M02564:19:000000000-G15E1:1:1102:7644:17217,CASSLWDRLMEKLFF,0
TRB,ATACTCTGGAAACA,M02564:19:000000000-G15E1:1:1102:4862:9629,CASSFDGYEQYF,0
TRB,ATGCTTTGGAGGTG,M02564:19:000000000-G15E1:1:1101:9845:6911,CASSLGRDSQETQYF,0
TRB,ATACTCTGGAAACA,M02564:19:000000000-G15E1:1:1102:5466:11111,CASSFDGYEQYF,0
TRB,ACTGGCCTTATCTC,M02564:19:000000000-G15E1:1:1103:17414:16574,CASSLGRDSQETQYF,0
TRB,CCTCGAACCCAACA,M02564:19:000000000-G15E1:1:1102:8657:9815,CASAPGTSGHTQYF,0
TRB,GTTGATCTGCGTAT,M02564:19:000000000-G15E1:1:1102:19559:17854,CASSLSPGDTDTQYF,0
TRB,TCCCGAACCCAGTA,M02564:19:000000000-G15E1:1:1102:8500:17417,CASSFDGYEQYF,0
TRB,ACTGGCCTTATCTC,M02564:19:000000000-G15E1:1:1103:27080:10414,CASSLAFSLAWYNEQFF,0
TRB,TACGCGCTGGTATC,M02564:19:000000000-G15E1:1:1101:8876:5283,CAISDRGGETQYF,0
TRB,TCCCGAACCCAGTA,M02564:19:000000000-G15E1:1:1101:2847:13048,CASNPLRGELFF,0
TRB,TATGTGCTCCGAAT,M02564:19:000000000-G15E1:1:1104:14177:16197,CASSLDREENTEAFF,0
TRB,TATGTGCTCCGAAT,M02564:19:000000000-G15E1:1:1103:22017:5186,CASSLDREENTEAFF,0
TRB,GAGGGTGAGTCATG,M02564:19:000000000-G15E1:1:1104:2828:17602,CASSLWDRLMEKLFF,0
TRB,TACTGGGAGACAGG,M02564:19:000000000-G15E1:1:1101:13173:25329,CASSDSSPTGELFF,0
TRB,TATGTGCTCCGAAT,M02564:19:000000000-G15E1:1:1103:9788:2933,CASSLDREENTEAFF,0
TRB,TATGTGCTCCGAAT,M02564:19:000000000-G15E1:1:1103:19114:18980,CASSLDREENTEAFF,0
TRB,ACTTCTGAGTCGTA,M02564:19:000000000-G15E1:1:1102:16589:16836,CASSDSSPTGELFF,0
TRB,GTTGATCTGCGTAT,M02564:19:000000000-G15E1:1:1102:17446:7682,CASSLSPGDTDTQYF,0
TRB,GAGGGTGAGTCATG,M02564:19:000000000-G15E1:1:1103:25804:16841,CASSLWDRLMEKLFF,0
TRB,TATGTGCTCCGAAT,M02564:19:000000000-G15E1:1:1104:10084:18511,CASSLDREENTEAFF,0
TRB,TACGCGCTGGTATC,M02564:19:000000000-G15E1:1:1103:20197:7129,CAISDRGGETQYF,0
TRB,ACTGGCCTTATCTC,M02564:19:000000000-G15E1:1:1104:7012:15896,CASSLGRDSQETQYF,0
TRB,GTTGATCTGCGTAT,M02564:19:000000000-G15E1:1:1104:20464:8554,CASSLSPGDTDTQYF,0
TRB,TGGAAAGAACTAGC,M02564:19:000000000-G15E1:1:1102:20522:14565,CAISDRGGETQYF,0
TRB,ACTGGCCTTATCTC,M02564:19:000000000-G15E1:1:1101:17232:3101,CASSLGRDSQETQYF,0
TRB,ACTTCTGAGTCGTA,M02564:19:000000000-G15E1:1:1103:16417:5741,CASSDSSPTGELFF,0
TRB,TACGCGCTGGTATC,M02564:19:000000000-G15E1:1:1103:18886:18125,CAISDRGGETQYF,0
TRB,AACAGCACAGTAGA,M02564:19:000000000-G15E1:1:1101:9224:20454,CASSFDGYEQYF,0
TRB,CTTTGATGTCCTAT,M02564:19:000000000-G15E1:1:1104:13502:9500,CASSDPRDHSGNTIYF,0
TRB,TGGAAAGAACTAGC,M02564:19:000000000-G15E1:1:1104:6727:24473,CAISDRGGETQYF,0
TRB,TACGCGCTGGTATC,M02564:19:000000000-G15E1:1:1102:27629:13540,CAISDRGGETQYF,0
TRB,GAGGGTGAGTCATG,M02564:19:000000000-G15E1:1:1102:23917:5252,CASSLWDRLMEKLFF,0
TRB,CATCTCCTGGGAGT,M02564:19:000000000-G15E1:1:1101:22212:24386,CASSLPGDSTEAFF,0
TRB,TATGTGCTCCGAAT,M02564:19:000000000-G15E1:1:1103:12804:10944,CASSLDREENTEAFF,0
TRB,GTTGATCTGCGTAT,M02564:19:000000000-G15E1:1:1102:25837:9147,CASSLSPGDTDTQYF,0
TRB,TATGTGCTCCGAAT,M02564:19:000000000-G15E1:1:1104:17854:11136,CASSLDREENTEAFF,0
TRB,ATTGTAGATTGTGG,M02564:19:000000000-G15E1:1:1103:19161:20602,CASSYWIQGEEFRVNQPQHF,0
TRB,AGGTGTTGTTGTCT,M02564:19:000000000-G15E1:1:1103:22673:24025,CASSYSSFGEWVETQHF,0
TRB,CTATTGACTGAGCT,M02564:19:000000000-G15E1:1:1103:11858:10418,CASSSGLAGAWRLSGELFF,0
TRB,TATGTGCTCCGAAT,M02564:19:000000000-G15E1:1:1102:12471:13417,CASSLDREENTEAFF,0
TRB,TATGTGCTCCGAAT,M02564:19:000000000-G15E1:1:1102:2924:18893,CASSLDREENTEAFF,0
TRB,TACGCGCTGGTATC,M02564:19:000000000-G15E1:1:1104:15526:1964,CAISDRGGETQYF,0
TRB,TACGCGCTGGTATC,M02564:19:000000000-G15E1:1:1104:12161:23424,CASSYWIQGEEFRVNQPQHF,0
TRB,CCGCTATGTCGCCT,M02564:19:000000000-G15E1:1:1101:23809:9755,CASSAARTDTQYF,0
TRB,GAGGGTGAGTCATG,M02564:19:000000000-G15E1:1:1102:23425:11523,CASSLWDRLMEKLFF,0
TRB,TATGTGCTCCGAAT,M02564:19:000000000-G15E1:1:1101:15449:13906,CASSLDREENTEAFF,0
TRB,CCGCTATGTCGCCT,M02564:19:000000000-G15E1:1:1102:23832:16290,CASSAARTDTQYF,0
TRB,ACTGGCCTTATCTC,M02564:19:000000000-G15E1:1:1102:17168:14845,CASSLGRDSQETQYF,0
TRB,TATGTGCTCCGAAT,M02564:19:000000000-G15E1:1:1104:5892:12679,CASSLDREENTEAFF,0
TRB,TGGAAAGAACTAGC,M02564:19:000000000-G15E1:1:1102:6457:16597,CAISDRGGETQYF,0
TRB,ATACTCTGGAAACA,M02564:19:000000000-G15E1:1:1102:21518:11336,CASSFDGYEQYF,0
TRB,CAATATGATCTTAC,M02564:19:000000000-G15E1:1:1104:7821:15599,CASSSYPVAETQYF,0
TRB,ATACTCTGGAAACA,M02564:19:000000000-G15E1:1:1101:7848:19967,CASSFDGYEQYF,0
TRB,AGGTGTTGTTGTCT,M02564:19:000000000-G15E1:1:1104:18390:17544,CASSYSSFGEWVETQHF,0
TRB,GAGGGTGAGTCATG,M02564:19:000000000-G15E1:1:1101:16656:23366,CASSLWDRLMEKLFF,0
TRB,TATGTGCTCCGAAT,M02564:19:000000000-G15E1:1:1102:12808:7053,CASSLDREENTEAFF,0
TRB,CCGCTATGTCGCCT,M02564:19:000000000-G15E1:1:1101:23025:22789,CASSAARTDTQYF,0
TRB,CCGCTATGTCGCCT,M02564:19:000000000-G15E1:1:1104:16474:2305,CASSAARTDTQYF,0
TRB,GAGAGGTGGAGATA,M02564:19:000000000-G15E1:1:1103:25505:22200,CASSLAFSLAWYNEQFF,0
TRB,CATCTCCTGGGAGT,M02564:19:000000000-G15E1:1:1101:10332:16204,CASSLPGDSTEAFF,0
TRB,CTATTGACTGAGCT,M02564:19:000000000-G15E1:1:1102:22373:22944,CASSSGLAGAWRLSGELFF,0
TRB,TACGCGCTGGTATC,M02564:19:000000000-G15E1:1:1104:17693:13205,CAISDRGGETQYF,0
TRB,TACGCGCTGGTATC,M02564:19:000000000-G15E1:1:1104:15632:19302,CAISDRGGETQYF,0
TRB,TATGTGCTCCGAAT,M02564:19:000000000-G15E1:1:1102:5490:8437,CASSLDREENTEAFF,0
TRB,CTTTGATGTCCTAT,M02564:19:000000000-G15E1:1:1102:25749:15392,CASSDPRDHSGNTIYF,0
TRB,CCTCGAACCCAACA,M02564:19:000000000-G15E1:1:1103:4231:13762,CASAPGTSGHTQYF,0
TRB,GAGAGGTGGAGATA,M02564:19:000000000-G15E1:1:1102:15593:21054,CASSLAFSLAWYNEQFF,0
TRB,CCTCGAACCCAACA,M02564:19:000000000-G15E1:1:1104:22831:13837,CASAPGTSGHTQYF,0
TRB,TACGCGCTGGTATC,M02564:19:000000000-G15E1:1:1104:10195:9981,CAISDRGGETQYF,0
TRB,TACGCGCTGGTATC,M02564:19:000000000-G15E1:1:1103:21472:19696,CAISDRGGETQYF,0
TRB,CCTCGAACCCAACA,M02564:19:000000000-G15E1:1:1101:21775:8998,CASAPGTSGHTQYF,0
TRB,CTTTGATGTCCTAT,M02564:19:000000000-G15E1:1:1101:5857:9299,CASSLSPGDTDTQYF,0
TRB,GTTGATCTGCGTAT,M02564:19:000000000-G15E1:1:1102:9235:14238,CASSLSPGDTDTQYF,0
TRB,TACGCGCTGGTATC,M02564:19:000000000-G15E1:1:1101:5113:20266,CAISDRGGETQYF,0
TRB,TATGTGCTCCGAAT,M02564:19:000000000-G15E1:1:1101:24906:11612,CASSLDREENTEAFF,0
TRB,CTATTGACTGAGCT,M02564:19:000000000-G15E1:1:1104:24377:24182,CASSSGLAGAWRLSGELFF,0
TRB,TATGTGCTCCGAAT,M02564:19:000000000-G15E1:1:1101:6440:12437,CASSLDREENTEAFF,0
TRB,ATACTCTGGAAACA,M02564:19:000000000-G15E1:1:1102:8607:15064,CASSFDGYEQYF,0
TRB,CATCTCCTGGGAGT,M02564:19:000000000-G15E1:1:1101:23905:16149,CASSLPGDSTEAFF,0
TRB,TCCCGAACCCAGTA,M02564:19:000000000-G15E1:1:1101:18375:10356,CASSFDGYEQYF,0
TRB,CATCTCCTGGGAGT,M02564:19:000000000-G15E1:1:1104:13007:8907,CASSLPGDSTEAFF,0
TRB,GTTGATCTGCGTAT,M02564:19:000000000-G15E1:1:1102:19138:13880,CASSLSPGDTDTQYF,0
TRB,TACTGGGAGACAGG,M02564:19:000000000-G15E1:1:1104:16858:12031,CASSDSSPTGELFF,0
TRB,ACTGGCCTTATCTC,M02564:19:000000000-G15E1:1:1103:17345:13045,CASSLGRDSQETQYF,0
TRB,TCGTGAGAGAATAG,M02564:19:000000000-G15E1:1:1103:17892:25803,CASAPGTSGHTQYF,0
TRB,CATCTCCTGGGAGT,M02564:19:000000000-G15E1:1:1102:15099:26491,CASSLPGDSTEAFF,0
TRB,ACTTCTGAGTCGTA,M02564:19:000000000-G15E1:1:1101:9582:10327,CASSDSSPTGELFF,0
TRB,TATGTGCTCCGAAT,M02564:19:000000000-G15E1:1:1103:1856:14869,CASSLDREENTEAFF,0
TRB,TCCCGAACCCAGTA,M02564:19:000000000-G15E1:1:1102:17382:4610,CASSFDGYEQYF,0
TRB,CCGCTATGTCGCCT,M02564:19:000000000-G15E1:1:1104:17628:11076,CASSAARTDTQYF,0
TRB,GTTGATCTGCGTAT,M02564:19:000000000-G15E1:1:1103:11302:7224,CASSLSPGDTDTQYF,0
TRB,ACTTCTGAGTCGTA,M02564:19:000000000-G15E1:1:1104:13394:18307,CASSDSSPTGELFF,0
TRB,GTTGATCTGCGTAT,M02564:19:000000000-G15E1:1:1102:7057:10322,CASSLSPGDTDTQYF,0
TRB,TATGTGCTCCGAAT,M02564:19:000000000-G15E1:1:1102:10600:26973,CASSLDREENTEAFF,0
TRB,TACGCGCTGGTATC,M02564:19:000000000-G15E1:1:1103:6537:14444,CAISDRGGETQYF,0
TRB,TCCCGAACCCAGTA,M02564:19:000000000-G15E1:1:1101:18471:9054,CASSDPRDHSGNTIYF,0
TRB,CCGCTATGTCGCCT,M02564:19:000000000-G15E1:1:1101:20078:22004,CASSAARTDTQYF,0
TRB,ATACTCTGGAAACA,M02564:19:000000000-G15E1:1:1104:9661:8717,CASSFDGYEQYF,0
TRB,ATTGTAGATTGTGG,M02564:19:000000000-G15E1:1:1102:28624:13878,CASSDPRDHSGNTIYF,0
TRB,CCGCTATGTCGCCT,M02564:19:000000000-G15E1:1:1101:11552:22383,CASSAARTDTQYF,0
TRB,TATGTGCTCCGAAT,M02564:19:000000000-G15E1:1:1101:18436:24354,CASSLDREENTEAFF,0
TRB,TACGCGCTGGTATC,M02564:19:000000000-G15E1:1:1102:12080:2187,CAISDRGGETQYF,0
TRB,CACTGCACCAAAGA,M02564:19:000000000-G15E1:1:1103:19037:16227,CAISDRGGETQYF,0
TRB,TATGTGCTCCGAAT,M02564:19:000000000-G15E1:1:1101:18336:8042,CASSLDREENTEAFF,0
TRB,GTTGATCTGCGTAT,M02564:19:000000000-G15E1:1:1104:5222:9625,CASSDSSPTGELFF,0
TRB,ACTGGCCTTATCTC,M02564:19:000000000-G15E1:1:1102:14273:4743,CASSLGRDSQETQYF,0
TRB,TACCGAGATACTGG,M02564:19:000000000-G15E1:1:1102:18767:22255,CASSLGRDSQETQYF,0
TRB,AGGTGTTGTTGTCT,M02564:19:000000000-G15E1:1:1103:8145:12862,CASSYSSFGEWVETQHF,0
TRB,TATGTGCTCCGAAT,M02564:19:000000000-G15E1:1:1101:10903:7545,CASSLDREENTEAFF,0
TRB,ATACTCTGGAAACA,M02564:19:000000000-G15E1:1:1101:12631:2392,CASSFDGYEQYF,0
TRB,CTTTCAGACTGACA,M02564:19:000000000-G15E1:1:1101:6975:18205,CASSDSSPTGELFF,0
TRB,TGGAAAGAACTAGC,M02564:19:000000000-G15E1:1:1103:14526:7906,CAISDRGGETQYF,0
TRB,CCTCGAACCCAACA,M02564:19:000000000-G15E1:1:1103:18630:16822,CASAPGTSGHTQYF,0
TRB,CCTCGAACCCAACA,M02564:19:000000000-G15E1:1:1101:14612:14019,CASAPGTSGHTQYF,0
TRB,ATACTCTGGAAACA,M02564:19:000000000-G15E1:1:1104:14528:21089,CASSFDGYEQYF,0
TRB,TCCCGAACCCAGTA,M02564:19:000000000-G15E1:1:1101:8630:19247,CASSFDGYEQYF,0
TRB,ACTGGCCTTATCTC,M02564:19:000000000-G15E1:1:1101:17147:14924,CASSLGRDSQETQYF,0
TRB,CTTTGATGTCCTAT,M02564:19:000000000-G15E1:1:1103:4557:19258,CASSDPRDHSGNTIYF,0
TRB,CCGCTATGTCGCCT,M02564:19:000000000-G15E1:1:1104:15559:7124,CASSAARTDTQYF,0
TRB,ACTGGCCTTATCTC,M02564:19:000000000-G15E1:1:1102:10480:14008,CASSAARTDTQYF,0
TRB,TACGCGCTGGTATC,M02564:19:000000000-G15E1:1:1102:6374:13275,CAISDRGGETQYF,0
TRB,TGGAAAGAACTAGC,M02564:19:000000000-G15E1:1:1101:15826:22489,CAISDRGGETQYF,0
TRB,ACTGGCCTTATCTC,M02564:19:000000000-G15E1:1:1102:14760:9174,CASSLGRDSQETQYF,0
TRB,CCGCTATGTCGCCT,M02564:19:000000000-G15E1:1:1103:19106:18294,CASSAARTDTQYF,0
TRB,TACGCGCTGGTATC,M02564:19:000000000-G15E1:1:1102:26994:19128,CAISDRGGETQYF,0
TRB,GAGAGGTGGAGATA,M02564:19:000000000-G15E1:1:1104:6682:17961,CASSLAFSLAWYNEQFF,0
TRB,TATGTGCTCCGAAT,M02564:19:000000000-G15E1:1:1101:6980:19030,CASSLDREENTEAFF,0
TRB,TACGCGCTGGTATC,M02564:19:000000000-G15E1:1:1102:12131:6624,CASSYSSFGEWVETQHF,0
TRB,CCTCGAACCCAACA,M02564:19:000000000-G15E1:1:1103:26841:12333,CASAPGTSGHTQYF,0
TRB,CTTTGATGTCCTAT,M02564:19:000000000-G15E1:1:1102:28334:18767,CASSDPRDHSGNTIYF,0
TRB,TACGCGCTGGTATC,M02564:19:000000000-G15E1:1:1104:25592:7040,CAISDRGGETQYF,0
TRB,ATTGTAGATTGTGG,M02564:19:000000000-G15E1:1:1103:4542:11885,CASSDPRDHSGNTIYF,0
TRB,GAGGGTGAGTCATG,M02564:19:000000000-G15E1:1:1101:26794:19274,CRPGQGADGYTF,0
TRB,ATGCTTTGGAGGTG,M02564:19:000000000-G15E1:1:1104:15466:20587,CASSLGRDSQETQYF,0
TRB,TATGTGCTCCGAAT,M02564:19:000000000-G15E1:1:1104:11476:8393,CASSLDREENTEAFF,0
TRB,TCCCGAACCCAGTA,M02564:19:000000000-G15E1:1:1102:16368:11500,CASSFDGYEQYF,0
TRB,ACTGGCCTTATCTC,M02564:19:000000000-G15E1:1:1104:7175:15541,CASSLGRDSQETQYF,0
TRB,CATCTCCTGGGAGT,M02564:19:000000000-G15E1:1:1102:21998:22754,CASSLPGDSTEAFF,0
TRB,TATGTGCTCCGAAT,M02564:19:000000000-G15E1:1:1103:7844:13496,CASSLDREENTEAFF,0
TRB,CCGCTATGTCGCCT,M02564:19:000000000-G15E1:1:1102:4153:12598,CASSAARTDTQYF,0
TRB,TACGCGCTGGTATC,M02564:19:000000000-G15E1:1:1104:27670:12716,CAISDRGGETQYF,0
TRB,GTTGATCTGCGTAT,M02564:19:000000000-G15E1:1:1102:19346:13969,CASSLSPGDTDTQYF,0
TRB,TGGAAAGAACTAGC,M02564:19:000000000-G15E1:1:1101:13644:9687,CAISDRGGETQYF,0
TRB,TACCGAGATACTGG,M02564:19:000000000-G15E1:1:1103:4909:10217,CASSLGRDSQETQYF,0
TRB,GTTGATCTGCGTAT,M02564:19:000000000-G15E1:1:1104:8281:4108,CASSLSPGDTDTQYF,0
TRB,TACGCGCTGGTATC,M02564:19:000000000-G15E1:1:1101:21753:6905,CAISDRGGETQYF,0
TRB,TCCCGAACCCAGTA,M02564:19:000000000-G15E1:1:1104:3547:13945,CASSFDGYEQYF,0
TRB,CCTCGAACCCAACA,M02564:19:000000000-G15E1:1:1102:8901:12337,CASSLGRDSQETQYF,0
TRB,CCTCGAACCCAACA,M02564:19:000000000-G15E1:1:1102:17871:26869,CASAPGTSGHTQYF,0
TRB,GAGGGTGAGTCATG,M02564:19:000000000-G15E1:1:1104:22508:16058,CASSLWDRLMEKLFF,0
TRB,TACGCGCTGGTATC,M02564:19:000000000-G15E1:1:1102:13994:10452,CAISDRGGETQYF,0
TRB,TACTGGGAGACAGG,M02564:19:000000000-G15E1:1:1104:8069:7014,CASSDSSPTGELFF,0
TRB,TCCCGAACCCAGTA,M02564:19:000000000-G15E1:1:1104:12979:3347,CASSFDGYEQYF,0
TRB,TACGCGCTGGTATC,M02564:19:000000000-G15E1:1:1104:21495:17912,CAISDRGGETQYF,0
TRB,ATGCTTTGGAGGTG,M02564:19:000000000-G15E1:1:1102:11977:5282,CASSYWIQGEEFRVNQPQHF,0
TRB,ATTGTAGATTGTGG,M02564:19:000000000-G15E1:1:1104:13291:10985,CASSDPRDHSGNTIYF,0
TRB,TACGCGCTGGTATC,M02564:19:000000000-G15E1:1:1104:21446:11314,CAISDRGGETQYF,0
TRB,CATCTCCTGGGAGT,M02564:19:000000000-G15E1:1:1103:12663:5312,CASSLPGDSTEAFF,0
TRB,ATACTCTGGAAACA,M02564:19:000000000-G15E1:1:1104:19324:19192,CASSFDGYEQYF,0
TRB,ACTGGCCTTATCTC,M02564:19:000000000-G15E1:1:1104:5630:23788,CASSLGRDSQETQYF,0
TRB,GAGGGTGAGTCATG,M02564:19:000000000-G15E1:1:1104:5572:14711,CASSLWDRLMEKLFF,0
TRB,TACGCGCTGGTATC,M02564:19:000000000-G15E1:1:1103:22039:26414,CAISDRGGETQYF,0
TRB,TCCCGAACCCAGTA,M02564:19:000000000-G15E1:1:1101:4712:7260,CASSFDGYEQYF,0
TRB,TCCCGAACCCAGTA,M02564:19:000000000-G15E1:1:1104:17139:27169,CASSFDGYEQYF,0
TRB,TATGTGCTCCGAAT,M02564:19:000000000-G15E1:1:1103:24892:8672,CASSLDREENTEAFF,0
TRB,ATACTCTGGAAACA,M02564:19:000000000-G15E1:1:1104:26621:19544,CASSFDGYEQYF,0
