sample,chain type, barcode, CDR3s, number of CDR3 for this barcode
SOC5N4_S58_L001_perRead,TCRA,GATGCCCTCATTGG,CAASGYSSASKIIF,1
SOC5N4_S58_L001_perRead,TCRA,CTCCATCTTTTGCT,CAYRSPPGSARQLTF,1
SOC5N4_S58_L001_perRead,TCRB,CTCCATCTTTTGCT,CASSGQGMNTEAFF,1
SOC5N4_S58_L001_perRead,TCRB,ATTGAAACGACAGG,CASSPSGRADTQYF;CASSLAGRGQETQYF;CASSLGTSGIYEQYF,3
SOC5N4_S58_L001_perRead,TCRB,GCCGTACTTTGGCA,CASSATSRDEQYF,1
SOC5N4_S58_L001_perRead,TCRB,CATCTCCTGATGAA,CASSRKRDTSPSYNEQFF,1
SOC5N4_S58_L001_perRead,TCRA,CTCAATTGCTTGCC,CGRGGSQGNLIF,1
SOC5N4_S58_L001_perRead,TCRA,ATACTCTGTCACCC,CAASTGSARQLTF,1
SOC5N4_S58_L001_perRead,TCRB,ATACTCTGTCACCC,CASSATSRDEQYF;CASRPGSFYGAKNIQYF;CASSLKGLDTQYF;CASSLTGAGELFF,4
SOC5N4_S58_L001_perRead,TCRB,AGCGATTGTCTCTA,CASSPSGRADTQYF;CASRPQGGSEQYF;CASSSRRWGGDGYTF,3
SOC5N4_S58_L001_perRead,TCRA,GATCTTTGTGCGTA,CAASTGSARQLTF,1
SOC5N4_S58_L001_perRead,TCRB,CACTAGGACCTTCG,CASSLVIGTGNNQPQHF;CASRRDRDTGELFF;CASSSRRWGGDGYTF,3
SOC5N4_S58_L001_perRead,TCRB,TATAGATGCCTGTC,CSAIRASGKGTDTQYF;CASSLVAKGGTEAFF,2
SOC5N4_S58_L001_perRead,TCRB,CCCGAACTTCGCCT,CSAISTSGRLNEQFF;CASSPTSGSMSGELFF;CSATQSGSSVYNEQFF,3
SOC5N4_S58_L001_perRead,TCRB,CAGATGACAGCATC,CASSGTAYSGANVLTF,1
SOC5N4_S58_L001_perRead,TCRA,CTAAACCTTGTTTC,CALSSKAGGSEKLVF,1
SOC5N4_S58_L001_perRead,TCRB,CTAAACCTTGTTTC,CASSLAGRGQETQYF;CASSLTGAGELFF,2
SOC5N4_S58_L001_perRead,TCRB,AGATCTCTGCTAAC,CASSWIRGNEQFF,1
SOC5N4_S58_L001_perRead,TCRB,AGTAGAGACTAGCA,CASSRKRDTSPSYNEQFF;CASSPVPQPYEQYF,2
SOC5N4_S58_L001_perRead,TCRB,TGCTAGGAAACCTG,CSARDLRREGAKNIQYF;CASSPSGRADTQYF;CASSAGHTVTDTQYF;CASSLKGLDTQYF,4
SOC5N4_S58_L001_perRead,TCRB,TACAATGATAACGC,CAIRAASGTANTEAFF;CASSFYGTGTGTEAFF;CASTGWGDPSDYGYTF,3
SOC5N4_S58_L001_perRead,TCRB,TCCATCCTCTCATT,CASSPVPQPYEQYF,1
SOC5N4_S58_L001_perRead,TCRB,TGGGTATGAGAATG,CASSLKGLDTQYF;CASSLIGLAGPSTDTQYF;CASSVGTSASGELFF,3
SOC5N4_S58_L001_perRead,TCRB,GTGCAAACCTCCAC,CASSLKGLDTQYF;CASSPSGRADTQYF;CASSKRTSGRDNEQFF,3
SOC5N4_S58_L001_perRead,TCRB,AACGCAACTGTCAG,CASTGWGDPSDYGYTF,1
SOC5N4_S58_L001_perRead,TCRA,CAGCAATGCGTGAT,CAVSLFGGYQKVTF,1
SOC5N4_S58_L001_perRead,TCRB,TATACGCTATTCTC,CASSPGTSGTVYNEQFF;CSATQSGSSVYNEQFF,2
SOC5N4_S58_L001_perRead,TCRA,CTAAACCTACGGTT,CAGNTGNQFYF,1
SOC5N4_S58_L001_perRead,TCRB,CTAAACCTACGGTT,CASSLKGLDTQYF,1
SOC5N4_S58_L001_perRead,TCRB,CAATTCACCCGTAA,CASSQVGQRSSYEQYF;CASSSGQSNEKLLF;CASSLVAKGGTEAFF;CASSSFSSGSAYNEQFF,4
SOC5N4_S58_L001_perRead,TCRA,CACATACTCTGATG,CAVEDHGFQKLVF,1
SOC5N4_S58_L001_perRead,TCRB,TATCGACTGGAGTG,CASSLKGLDTQYF;CASSGTAYSGANVLTF;CASSWIRGNEQFF,3
SOC5N4_S58_L001_perRead,TCRB,AGGGAGTGTTGTGG,CASSLAGRGQETQYF;CASSGQGMNTEAFF,2
SOC5N4_S58_L001_perRead,TCRA,TGATTCACTGACTG,CALSSKAGGSEKLVF,1
SOC5N4_S58_L001_perRead,TCRB,ACTGCCTGTGAGCT,CASSATSRDEQYF;CASSLKGLDTQYF,2
SOC5N4_S58_L001_perRead,TCRB,ACATGGTGACTTTC,CASSPTSGSMSGELFF;CASRRDRDTGELFF;CASSLKGLDTQYF,3
SOC5N4_S58_L001_perRead,TCRB,CAAGACACTCCAGA,CASSLKGLDTQYF;CASSLDPTSSGANEKLFF;CSAARTGSYEQYF,3
SOC5N4_S58_L001_perRead,TCRA,CAAGCCCTGAACTC,CIVSDYPSGNTGKLIF,1
SOC5N4_S58_L001_perRead,TCRB,CAAGCCCTGAACTC,CASSLGTSGIYEQYF,1
SOC5N4_S58_L001_perRead,TCRB,ACGAACTGCGAATC,CASSGQGMNTEAFF,1
SOC5N4_S58_L001_perRead,TCRB,AGCTGTGACGGGAA,CASSQVGQRSSYEQYF;CASSHRVGSTEAFF,2
SOC5N4_S58_L001_perRead,TCRB,AAATACTGGTCCTC,CASSQVGQRSSYEQYF;CASSRKRDTSPSYNEQFF,2
SOC5N4_S58_L001_perRead,TCRA,CAGCCTTGTTGAGC,CVVTGSGNTGKLIF,1
SOC5N4_S58_L001_perRead,TCRB,GTAGCATGTCGCCT,CASSLAGRGQETQYF;CASSLSRTGQWGVETQYF,2
SOC5N4_S58_L001_perRead,TCRA,TATCTGACCCAATG,CVVTGSGNTGKLIF,1
SOC5N4_S58_L001_perRead,TCRB,TATCTGACCCAATG,CASRRDRDTGELFF;CASSSRRWGGDGYTF,2
SOC5N4_S58_L001_perRead,TCRB,CCTTCACTCATTTC,CASGGLAGGVDEQYF,1
SOC5N4_S58_L001_perRead,TCRB,ATGCCAGAGGCGAA,CASSQVGQRSSYEQYF,1
SOC5N4_S58_L001_perRead,TCRA,GGATTGTGTGTCTT,CAVWDNFNKFYF,1
SOC5N4_S58_L001_perRead,TCRB,CTAGAGACCACTCC,CASSLTGAGELFF,1
SOC5N4_S58_L001_perRead,TCRA,CGCTAAGAGGAACG,CIVRASNTGKLIF,1
SOC5N4_S58_L001_perRead,TCRA,CCACTGTGTGCCCT,CAGNTGNQFYF;CAAFFF,2
SOC5N4_S58_L001_perRead,TCRB,CCACTGTGTGCCCT,CASSPTSGSMSGELFF,1
SOC5N4_S58_L001_perRead,TCRA,AGGTACACCGGTAT,CAFMITTSGTYKYIF,1
SOC5N4_S58_L001_perRead,TCRB,AGGTACACCGGTAT,CASSFYGTGTGTEAFF,1
SOC5N4_S58_L001_perRead,TCRB,GATTCTTGTGAACC,CSASWGLAAFNEQFF,1
SOC5N4_S58_L001_perRead,TCRB,TGGAGGGAGACGGA,CSVTGTVGYEQYF,1
SOC5N4_S58_L001_perRead,TCRB,ATGTAAACTTGCAG,CASSLIWTGGWNTGELFF;CSAARTGSYEQYF,2
SOC5N4_S58_L001_perRead,TCRB,GTAGTGTGCTTCCG,CASSLTGAGELFF,1
SOC5N4_S58_L001_perRead,TCRB,TGTGAGTGTTCCAT,CSAISTSGRLNEQFF;CSASPIPGLVPSGELFF;CASSLTGAGELFF,3
SOC5N4_S58_L001_perRead,TCRA,GGTCTAGATTTCTG,CVVIGGGSTLGRLYF,1
SOC5N4_S58_L001_perRead,TCRB,GGTCTAGATTTCTG,CASSLIWTGGWNTGELFF,1
SOC5N4_S58_L001_perRead,TCRB,ATCAGGTGCAGTTG,CASSPSGRADTQYF;CSVTGTVGYEQYF,2
SOC5N4_S58_L001_perRead,TCRB,CGCAAATGCAAGCT,CASSLVIGTGNNQPQHF,1
SOC5N4_S58_L001_perRead,TCRA,CTAAGGACACACGT,CGRGGSQGNLIF,1
SOC5N4_S58_L001_perRead,TCRA,GGAACTTGTCTCAT,CAGYSGAGSYQLTF,1
SOC5N4_S58_L001_perRead,TCRB,TTCTTACTATCTCT,CASSLKGLDTQYF;CASSPSGRADTQYF;CASSGQGMNTEAFF,3
SOC5N4_S58_L001_perRead,TCRB,GAGCGCTGACCTCC,CAWKSRVNQPQHF,1
SOC5N4_S58_L001_perRead,TCRB,CTCAATTGCCTACC,CASSLKGLDTQYF;CASSPSGRADTQYF;CASSKRTSGRDNEQFF;CASSLGTSGIYEQYF,4
SOC5N4_S58_L001_perRead,TCRB,ATTTCCGACATGCA,CASSAGHTVTDTQYF,1
SOC5N4_S58_L001_perRead,TCRB,ATCGCGCTTGCTCC,CASSLKGLDTQYF;CASSGTAYSGANVLTF,2
SOC5N4_S58_L001_perRead,TCRA,GCTTAACTATGTCG,CAASGYSSASKIIF,1
SOC5N4_S58_L001_perRead,TCRB,GCTTAACTATGTCG,CSARGDRGYDEQYF,1
SOC5N4_S58_L001_perRead,TCRB,AGCATCGAACGGTT,CASSQVGQRSSYEQYF;CASSLIWTGGWNTGELFF,2
SOC5N4_S58_L001_perRead,TCRB,TACGCGCTAACGAA,CASSLIGLAGPSTDTQYF;CASSVGTSASGELFF,2
SOC5N4_S58_L001_perRead,TCRB,GCTTAACTCCACAA,CASSLKGLDTQYF;CSATQSGSSVYNEQFF,2
SOC5N4_S58_L001_perRead,TCRA,TCACATACCGTGAT,CAETSNTGFQKLVF,1
SOC5N4_S58_L001_perRead,TCRB,TTAGTCTGCTTGGA,CASSGQGMNTEAFF,1
SOC5N4_S58_L001_perRead,TCRB,GGAGACGATTCTAC,CASSLKGLDTQYF;CSAARTGSYEQYF;CASSSRRWGGDGYTF,3
SOC5N4_S58_L001_perRead,TCRB,GGGAAGTGCGAACT,CASSLSRTGQWGVETQYF,1
SOC5N4_S58_L001_perRead,TCRB,AGGAGTCTAGCCAT,CAIRAASGTANTEAFF;CASSPTSGSMSGELFF,2
SOC5N4_S58_L001_perRead,TCRB,ATAAGTTGTCCCGT,CSAISTSGRLNEQFF,1
SOC5N4_S58_L001_perRead,TCRB,CACCCATGTGTGAC,CASSLKGLDTQYF;CASSLAGRGQETQYF,2
SOC5N4_S58_L001_perRead,TCRB,AAATCCCTAACGGG,CSASPIPGLVPSGELFF,1
SOC5N4_S58_L001_perRead,TCRA,TAATCGCTTAGACC,CAVRGNYGGATNKLIF,1
SOC5N4_S58_L001_perRead,TCRB,TAATCGCTTAGACC,CSAISTSGRLNEQFF;CASSGQGMNTEAFF;CASSLAGRGQETQYF;CASSWIRGNEQFF,4
SOC5N4_S58_L001_perRead,TCRA,TGACTGGATTGCAG,CAETSNTGFQKLVF,1
SOC5N4_S58_L001_perRead,TCRA,TTACGACTTCGTTT,CAETSNTGFQKLVF,1
SOC5N4_S58_L001_perRead,TCRB,GCAACTGATATCTC,CASTLLANYGYTF,1
SOC5N4_S58_L001_perRead,TCRB,TGACTGGAATGTGC,CAIRAASGTANTEAFF,1
SOC5N4_S58_L001_perRead,TCRB,TTAGGGACGGTATC,CASSLAGRGQETQYF;CASRPQGGSEQYF,2
SOC5N4_S58_L001_perRead,TCRB,GGCTCACTATGCCA,CASSLVIGTGNNQPQHF;CSATQSGSSVYNEQFF,2
SOC5N4_S58_L001_perRead,TCRA,TATGGTCTGAGGGT,CALTLTGGGNKLTF,1
SOC5N4_S58_L001_perRead,TCRB,TCTACAACAACCAC,CASSLVEETQYF,1
SOC5N4_S58_L001_perRead,TCRB,CGACAAACAAGGTA,CASSSGQSNEKLLF,1
SOC5N4_S58_L001_perRead,TCRB,GCAGTTGATGTTTC,CASSQVGQRSSYEQYF,1
SOC5N4_S58_L001_perRead,TCRB,GAGCAGGAAGGGTG,CASSAGHTVTDTQYF,1
SOC5N4_S58_L001_perRead,TCRB,ACGGAGGACTTGGA,CASSWIRGNEQFF,1
SOC5N4_S58_L001_perRead,TCRB,GGTACATGTGACAC,CASSLKGLDTQYF,1
SOC5N4_S58_L001_perRead,TCRA,AATGGAGACTGCAA,CAARGNSGGSNYKLTF,1
SOC5N4_S58_L001_perRead,TCRA,GGGATTACGTTGTG,CGRGGSQGNLIF,1
SOC5N4_S58_L001_perRead,TCRB,CGGGCATGAGTGCT,CASSERLQGSFGYTF,1
SOC5N4_S58_L001_perRead,TCRA,CAGGTATGGCGGAA,CVVTGSGNTGKLIF;CATDEGYSTLTF,2
SOC5N4_S58_L001_perRead,TCRA,CGGTAAACAGTACC,CAGLSGGYQKVTF,1
SOC5N4_S58_L001_perRead,TCRB,CGGTAAACAGTACC,CASSLVIGTGNNQPQHF;CSATQSGSSVYNEQFF;CASSVGTSASGELFF,3
SOC5N4_S58_L001_perRead,TCRB,GACGAGGATGGAAA,CASRRDRDTGELFF,1
SOC5N4_S58_L001_perRead,TCRA,TGGTAGTGTTACTC,CALSSKAGGSEKLVF;CVVIGGGSTLGRLYF,2
SOC5N4_S58_L001_perRead,TCRB,TGGTAGTGTTACTC,CSAISTSGRLNEQFF;CSASPIPGLVPSGELFF;CASSLKGLDTQYF;CASSLAGRGQETQYF;CSATQSGSSVYNEQFF;CASSGQGMNTEAFF;CASSLGTSGIYEQYF,7
SOC5N4_S58_L001_perRead,TCRB,GACTTTACTCGTAG,CASSLKGLDTQYF,1
SOC5N4_S58_L001_perRead,TCRB,GTGCAAACCGAACT,CASSLGTSGIYEQYF;CSAKALGSGSTDSYEQYF;CASSVGTSASGELFF,3
SOC5N4_S58_L001_perRead,TCRB,CTAGAGACCACACA,CASSAGHTVTDTQYF;CASSQVGQRSSYEQYF;CASSPSGRADTQYF;CASSVGTSASGELFF;CASSLTGAGELFF,5
SOC5N4_S58_L001_perRead,TCRA,TAATCGCTTGTCAG,CAVLANQAGTALIF,1
SOC5N4_S58_L001_perRead,TCRA,AGGGTGGATGACCA,CAGYSGAGSYQLTF,1
SOC5N4_S58_L001_perRead,TCRB,AGCCGGACCTTGGA,CASSLDPTSSGANEKLFF,1
SOC5N4_S58_L001_perRead,TCRB,ACGAACACCGTAAC,CSAISTSGRLNEQFF,1
SOC5N4_S58_L001_perRead,TCRB,GTCTGAGAGCCCTT,CASSQVGQRSSYEQYF;CASSLAGRGQETQYF;CASSLTGAGELFF,3
SOC5N4_S58_L001_perRead,TCRB,TGCACAGAGATAGA,CASSLVAKGGTEAFF;CASTLLANYGYTF,2
SOC5N4_S58_L001_perRead,TCRA,GCTATACTTAGACC,CATDAWAGNQFYF,1
SOC5N4_S58_L001_perRead,TCRB,GCTATACTTAGACC,CASSLKGLDTQYF;CASSLVAKGGTEAFF,2
SOC5N4_S58_L001_perRead,TCRA,TGTAACCTCTTGGA,CAETSNTGFQKLVF,1
SOC5N4_S58_L001_perRead,TCRB,GACTACGATGCACA,CAIRAASGTANTEAFF,1
SOC5N4_S58_L001_perRead,TCRB,CAAGGTTGTCCCAC,CASTGWGDPSDYGYTF,1
