sample,chain type, barcode, CDR3, number of CDR3 for this barcode
SOC5T4_S60_L001_perRead,TCRB,GAGGGAACAAAAGC,CASSTGLYNEQFF,4
SOC5T4_S60_L001_perRead,TCRB,GAGGGAACAAAAGC,CASSAIQGLEAFF,4
SOC5T4_S60_L001_perRead,TCRB,GAGGGAACAAAAGC,CASSYEAGGLEQYF,4
SOC5T4_S60_L001_perRead,TCRB,GAGGGAACAAAAGC,CASSAAGTVDTGELFF,4
SOC5T4_S60_L001_perRead,TCRB,GGATTGTGAACGAA,CASSFGDRVGYGYTF,5
SOC5T4_S60_L001_perRead,TCRB,GGATTGTGAACGAA,CASSAIQGLEAFF,5
SOC5T4_S60_L001_perRead,TCRB,GGATTGTGAACGAA,CSARPGVRQDEKLFF,5
SOC5T4_S60_L001_perRead,TCRB,GGATTGTGAACGAA,CASSAAGTVDTGELFF,5
SOC5T4_S60_L001_perRead,TCRB,GGATTGTGAACGAA,CSETSEPNYGYTF,5
SOC5T4_S60_L001_perRead,TCRB,ATCGTTTGGACGAG,CAIREARGHSDTQYF,2
SOC5T4_S60_L001_perRead,TCRB,ATCGTTTGGACGAG,CASSGGTSGRGTGELFF,2
SOC5T4_S60_L001_perRead,TCRB,AGCCAATGAGCAAA,CASIPKGALVSYEQYF,1
SOC5T4_S60_L001_perRead,TCRB,GGAAGGACGTACGT,CASSAIQGLEAFF,2
SOC5T4_S60_L001_perRead,TCRB,GGAAGGACGTACGT,CASSSRRWGGDGYTF,2
SOC5T4_S60_L001_perRead,TCRA,AGGATGCTAAGGTA,CAVSSSGGNNARLMF,1
SOC5T4_S60_L001_perRead,TCRA,ACTGCCACGAGGGT,CAMRGLLQGAQKLVF,1
SOC5T4_S60_L001_perRead,TCRB,ACTGCCACGAGGGT,CASSLVRPEETQYF,4
SOC5T4_S60_L001_perRead,TCRB,ACTGCCACGAGGGT,CSALAGGTYEQYF,4
SOC5T4_S60_L001_perRead,TCRB,ACTGCCACGAGGGT,CSVESSGRLYEQFF,4
SOC5T4_S60_L001_perRead,TCRB,ACTGCCACGAGGGT,CASSAAGTVDTGELFF,4
SOC5T4_S60_L001_perRead,TCRB,CATGCCACTTGGCA,CASSYEAGGLEQYF,2
SOC5T4_S60_L001_perRead,TCRB,CATGCCACTTGGCA,CASSPPRKLVANEQFF,2
SOC5T4_S60_L001_perRead,TCRB,GGACGCACACAGCT,CASSYSPPSSGTFTGELFF,5
SOC5T4_S60_L001_perRead,TCRB,GGACGCACACAGCT,CASRVSGVTNTGELFF,5
SOC5T4_S60_L001_perRead,TCRB,GGACGCACACAGCT,CASSYEAGGLEQYF,5
SOC5T4_S60_L001_perRead,TCRB,GGACGCACACAGCT,CASSVTRLRVNTEAFF,5
SOC5T4_S60_L001_perRead,TCRB,GGACGCACACAGCT,CASSLVRPEETQYF,5
SOC5T4_S60_L001_perRead,TCRB,GCTACCTGTCACGA,CASSLEGTPRDEQYF,1
SOC5T4_S60_L001_perRead,TCRB,CGCGATCTGTGCAT,CASSYREQFNEKLFF,3
SOC5T4_S60_L001_perRead,TCRB,CGCGATCTGTGCAT,CASSLGGNQPQHF,3
SOC5T4_S60_L001_perRead,TCRB,CGCGATCTGTGCAT,CASSSGTGEGVVYGYTF,3
SOC5T4_S60_L001_perRead,TCRB,CGTCCATGTATGGC,CASSYREQFNEKLFF,3
SOC5T4_S60_L001_perRead,TCRB,CGTCCATGTATGGC,CASSFGDRVGYGYTF,3
SOC5T4_S60_L001_perRead,TCRB,CGTCCATGTATGGC,CASSAIQGLEAFF,3
SOC5T4_S60_L001_perRead,TCRB,TGAGCAACGGACTT,CASSPLRKEQYF,4
SOC5T4_S60_L001_perRead,TCRB,TGAGCAACGGACTT,CASSAIQGLEAFF,4
SOC5T4_S60_L001_perRead,TCRB,TGAGCAACGGACTT,CASSLGGNQPQHF,4
SOC5T4_S60_L001_perRead,TCRB,TGAGCAACGGACTT,CASSRTGESGEAFF,4
SOC5T4_S60_L001_perRead,TCRA,AATGGCTGATTTCC,CAVNLSNTGNQFYF,1
SOC5T4_S60_L001_perRead,TCRA,CTATCATGTGGTGT,CAVQNQAGTALIF,1
SOC5T4_S60_L001_perRead,TCRB,CTATCATGTGGTGT,CAWGGKTSGYSYEQYF,1
SOC5T4_S60_L001_perRead,TCRB,CTCAATTGTGAGGG,CASSLVRPEETQYF,1
SOC5T4_S60_L001_perRead,TCRB,AGCAAAGACTGCAA,CASISRVVTEAFF,1
SOC5T4_S60_L001_perRead,TCRB,TGAGGACTGCGTAT,CASSPLRKEQYF,2
SOC5T4_S60_L001_perRead,TCRB,TGAGGACTGCGTAT,CATSDGHKSYEQYF,2
SOC5T4_S60_L001_perRead,TCRB,GTTATCTGCATGCA,CASSDPLRDRGLNEQYF,1
SOC5T4_S60_L001_perRead,TCRA,TGAGGTACGTTTGG,CIAANDYKLSF,1
SOC5T4_S60_L001_perRead,TCRB,TTGACACTTTGACG,CASSLVRPEETQYF,3
SOC5T4_S60_L001_perRead,TCRB,TTGACACTTTGACG,CSALAGGTYEQYF,3
SOC5T4_S60_L001_perRead,TCRB,TTGACACTTTGACG,CASSAAGTVDTGELFF,3
SOC5T4_S60_L001_perRead,TCRA,CACGACCTGTGTTG,CAVGGRNFNKFYF,1
SOC5T4_S60_L001_perRead,TCRB,CGGCATCTTACAGC,CASSYEAGGLEQYF,3
SOC5T4_S60_L001_perRead,TCRB,CGGCATCTTACAGC,CASSGGTSGRGTGELFF,3
SOC5T4_S60_L001_perRead,TCRB,CGGCATCTTACAGC,CASSAAGTVDTGELFF,3
SOC5T4_S60_L001_perRead,TCRA,TTAGTCTGCGTTGA,CAETLSNSGYALNF,1
SOC5T4_S60_L001_perRead,TCRB,TTAGTCTGCGTTGA,CASSFGDRVGYGYTF,2
SOC5T4_S60_L001_perRead,TCRB,TTAGTCTGCGTTGA,CASSLGGNQPQHF,2
SOC5T4_S60_L001_perRead,TCRB,TAGATCCTCTCTTA,CASSLVRPEETQYF,2
SOC5T4_S60_L001_perRead,TCRB,TAGATCCTCTCTTA,CASSAAGTVDTGELFF,2
SOC5T4_S60_L001_perRead,TCRB,ATTTCGTGGCGGAA,CSVEYKGSGANVLTF,1
SOC5T4_S60_L001_perRead,TCRB,ACAATAACGCGATT,CASSGSGGRATDTQYF,1
SOC5T4_S60_L001_perRead,TCRB,TTTGACTGGTACCA,CASSAIQGLEAFF,2
SOC5T4_S60_L001_perRead,TCRB,TTTGACTGGTACCA,CASSSRRWGGDGYTF,2
SOC5T4_S60_L001_perRead,TCRB,ATCAGGTGCTGCTC,CASSLAGTGVSTDTQYF,3
SOC5T4_S60_L001_perRead,TCRB,ATCAGGTGCTGCTC,CSVEDGGPSYEQYF,3
SOC5T4_S60_L001_perRead,TCRB,ATCAGGTGCTGCTC,CASSPLARGNGYTF,3
SOC5T4_S60_L001_perRead,TCRB,GTTGGATGAGAGTA,CASSQVSSGRVGSYNEQFF,1
SOC5T4_S60_L001_perRead,TCRB,CAGACTGATGCCCT,CASSLVRPEETQYF,1
SOC5T4_S60_L001_perRead,TCRB,TGTCAGGACAAAGA,CASSYREQFNEKLFF,2
SOC5T4_S60_L001_perRead,TCRB,TGTCAGGACAAAGA,CASSLVRPEETQYF,2
SOC5T4_S60_L001_perRead,TCRA,ACCCACTGGTGAGG,CAATSSGGYNKLIF,2
SOC5T4_S60_L001_perRead,TCRA,ACCCACTGGTGAGG,CADIDDDSWGKLQF,2
SOC5T4_S60_L001_perRead,TCRB,GCCTAGCTGTCAAC,CASSETGVKNIQYF,2
SOC5T4_S60_L001_perRead,TCRB,GCCTAGCTGTCAAC,CASSLVRPEETQYF,2
SOC5T4_S60_L001_perRead,TCRA,AGTCTTACTTGCTT,CGTENAGGTSYGKLTF,1
SOC5T4_S60_L001_perRead,TCRA,TACTTTCTACTACG,CALSENRDDKIIF,1
SOC5T4_S60_L001_perRead,TCRB,TACTTTCTACTACG,CSALAGGTYEQYF,2
SOC5T4_S60_L001_perRead,TCRB,TACTTTCTACTACG,CASTDGGGRLHEQYF,2
SOC5T4_S60_L001_perRead,TCRA,AGCTTACTTGAGAA,CALLTGGGNKLTF,1
SOC5T4_S60_L001_perRead,TCRB,AGCTTACTTGAGAA,CASSFGDRVGYGYTF,2
SOC5T4_S60_L001_perRead,TCRB,AGCTTACTTGAGAA,CASSLPGILYSNQPQHF,2
SOC5T4_S60_L001_perRead,TCRB,CTGCAGCTGGGACA,CASRPGSFYGAKNIQYF,2
SOC5T4_S60_L001_perRead,TCRB,CTGCAGCTGGGACA,CASSLVRPEETQYF,2
SOC5T4_S60_L001_perRead,TCRB,TACGAGTGCCTATT,CASSLVRPEETQYF,2
SOC5T4_S60_L001_perRead,TCRB,TACGAGTGCCTATT,CSALAGGTYEQYF,2
SOC5T4_S60_L001_perRead,TCRA,TGCTTAACAAGTGA,CGTEDNQGGKLIF,1
SOC5T4_S60_L001_perRead,TCRB,CTCAGCTGGCATAC,CSALAGGTYEQYF,1
SOC5T4_S60_L001_perRead,TCRA,CTGCAGCTCACTAG,CIVRGYNNARLMF,1
SOC5T4_S60_L001_perRead,TCRB,ATAACAACTATGCG,CASSLVRPEETQYF,2
SOC5T4_S60_L001_perRead,TCRB,ATAACAACTATGCG,CSALAGGTYEQYF,2
SOC5T4_S60_L001_perRead,TCRB,CTTGAGGAGCGAAG,CASSLVRPEETQYF,3
SOC5T4_S60_L001_perRead,TCRB,CTTGAGGAGCGAAG,CSAFSDADTQYF,3
SOC5T4_S60_L001_perRead,TCRB,CTTGAGGAGCGAAG,CASSAAGTVDTGELFF,3
SOC5T4_S60_L001_perRead,TCRB,AATCGGTGCTTGAG,CASSFGDRVGYGYTF,3
SOC5T4_S60_L001_perRead,TCRB,AATCGGTGCTTGAG,CASSLEGTPRDEQYF,3
SOC5T4_S60_L001_perRead,TCRB,AATCGGTGCTTGAG,CASSSRRWGGDGYTF,3
SOC5T4_S60_L001_perRead,TCRA,AACGGTACTGTAGC,CALGGSSNTGKLIF,1
SOC5T4_S60_L001_perRead,TCRA,AGTGACTGCATGAC,CAMSQGAQKLVF,1
SOC5T4_S60_L001_perRead,TCRA,CAGTTACTCGAACT,CAARPDTGRRALTF,1
SOC5T4_S60_L001_perRead,TCRB,CAGTTACTCGAACT,CASSYEAGGLEQYF,3
SOC5T4_S60_L001_perRead,TCRB,CAGTTACTCGAACT,CSAFSDADTQYF,3
SOC5T4_S60_L001_perRead,TCRB,CAGTTACTCGAACT,CASSAAGTVDTGELFF,3
SOC5T4_S60_L001_perRead,TCRB,CTAATGCTCTTCTA,CSALAGGTYEQYF,1
SOC5T4_S60_L001_perRead,TCRB,CATTTGTGGAACCT,CASSAAGTVDTGELFF,1
SOC5T4_S60_L001_perRead,TCRA,GCAGCTCTATCGGT,CAVSEDNQGGKLIF,1
SOC5T4_S60_L001_perRead,TCRB,GCAGCTCTATCGGT,CASSAIQGLEAFF,1
SOC5T4_S60_L001_perRead,TCRB,TTACGTACTCGCAA,CSAPPVSGLATNEQFF,5
SOC5T4_S60_L001_perRead,TCRB,TTACGTACTCGCAA,CASRVGLAGAYTDTQYF,5
SOC5T4_S60_L001_perRead,TCRB,TTACGTACTCGCAA,CASSLVRPEETQYF,5
SOC5T4_S60_L001_perRead,TCRB,TTACGTACTCGCAA,CASSPSDYSEQFF,5
SOC5T4_S60_L001_perRead,TCRB,TTACGTACTCGCAA,CASSLGGNQPQHF,5
SOC5T4_S60_L001_perRead,TCRB,ATGTTCACCCTTAT,CSARDLTKRGVQETQYF,1
SOC5T4_S60_L001_perRead,TCRB,ACGTTGGAGTGAGG,CASSYEAGGLEQYF,1
SOC5T4_S60_L001_perRead,TCRA,AAGTTATGGTGAGG,CALSPSGTYKYIF,2
SOC5T4_S60_L001_perRead,TCRA,AAGTTATGGTGAGG,CGTEIGGATNKLIF,2
SOC5T4_S60_L001_perRead,TCRB,AAGTTATGGTGAGG,CASSFGASLWDTQYF,3
SOC5T4_S60_L001_perRead,TCRB,AAGTTATGGTGAGG,CASSTGLYNEQFF,3
SOC5T4_S60_L001_perRead,TCRB,AAGTTATGGTGAGG,CASSRSVAGAYNEQFF,3
SOC5T4_S60_L001_perRead,TCRB,CAGCATGAACCATG,CASSLGGNQPQHF,1
SOC5T4_S60_L001_perRead,TCRB,TACCGGCTGCAGTT,CSALAGGTYEQYF,1
SOC5T4_S60_L001_perRead,TCRB,ACGCCGGACTAGAC,CASSPPRKLVANEQFF,1
SOC5T4_S60_L001_perRead,TCRB,GCAGTTGAACGTAC,CSVGLRPWGLNQPQHF,2
SOC5T4_S60_L001_perRead,TCRB,GCAGTTGAACGTAC,CASSFGLAGNGELFF,2
SOC5T4_S60_L001_perRead,TCRA,AGGACACTCCCTCA,CAGQEPGTASKLTF,1
SOC5T4_S60_L001_perRead,TCRB,AGGACACTCCCTCA,CASSQTSSISGNTIYF,1
SOC5T4_S60_L001_perRead,TCRB,TCTTGATGAACCTG,CSAQGVIGTDTQYF,2
SOC5T4_S60_L001_perRead,TCRB,TCTTGATGAACCTG,CSAFSDADTQYF,2
SOC5T4_S60_L001_perRead,TCRA,CTATGTACCCCTCA,CAVRRGGNTGKLIF,1
SOC5T4_S60_L001_perRead,TCRB,CGGCACGAGCTACA,CASSYREQFNEKLFF,1
SOC5T4_S60_L001_perRead,TCRB,ACGTAGACTTGGTG,CSVGLEWGSNVLTF,2
SOC5T4_S60_L001_perRead,TCRB,ACGTAGACTTGGTG,CASSAAGTVDTGELFF,2
SOC5T4_S60_L001_perRead,TCRA,ACCATTTGAGGTCT,CAVQNQAGTALIF,1
SOC5T4_S60_L001_perRead,TCRB,ACCATTTGAGGTCT,CASRLDGTKETQYF,3
SOC5T4_S60_L001_perRead,TCRB,ACCATTTGAGGTCT,CASSFGLAGNGELFF,3
SOC5T4_S60_L001_perRead,TCRB,ACCATTTGAGGTCT,CASSAAGTVDTGELFF,3
SOC5T4_S60_L001_perRead,TCRA,GATTGGTGAGTGCT,CILTTPRGANSKLTF,2
SOC5T4_S60_L001_perRead,TCRA,GATTGGTGAGTGCT,CAYRSRETSGSRLTF,2
SOC5T4_S60_L001_perRead,TCRB,GATTGGTGAGTGCT,CASSFGASLWDTQYF,2
SOC5T4_S60_L001_perRead,TCRB,GATTGGTGAGTGCT,CASSLGGNQPQHF,2
SOC5T4_S60_L001_perRead,TCRB,ACAATCCTGGACGA,CASSLGGNQPQHF,1
SOC5T4_S60_L001_perRead,TCRB,ACTCGAGAACCGAT,CASSLVRPEETQYF,3
SOC5T4_S60_L001_perRead,TCRB,ACTCGAGAACCGAT,CSVESSGRLYEQFF,3
SOC5T4_S60_L001_perRead,TCRB,ACTCGAGAACCGAT,CASSSRRWGGDGYTF,3
SOC5T4_S60_L001_perRead,TCRA,TAGTGGTGTTTACC,CGTENAGGTSYGKLTF,1
SOC5T4_S60_L001_perRead,TCRA,TGGTCAGAGACAGG,CAEKANSGYSTLTF,1
SOC5T4_S60_L001_perRead,TCRB,TAGGCTGAGTACGT,CASSAAGTVDTGELFF,1
SOC5T4_S60_L001_perRead,TCRB,TCGACCTGCCTGAA,CASSPDRAGANVLTF,1
SOC5T4_S60_L001_perRead,TCRA,TATGGGACATGTGC,CAVSGGSQGNLIF,1
SOC5T4_S60_L001_perRead,TCRB,GTACAGTGAACCAC,CASSAAGTVDTGELFF,1
SOC5T4_S60_L001_perRead,TCRB,GGGCACACCTTCGC,CASSPREGTLEAFF,8
SOC5T4_S60_L001_perRead,TCRB,GGGCACACCTTCGC,CASSLVRPEETQYF,8
SOC5T4_S60_L001_perRead,TCRB,GGGCACACCTTCGC,CSARKGYTF,8
SOC5T4_S60_L001_perRead,TCRB,GGGCACACCTTCGC,CASSTGLYNEQFF,8
SOC5T4_S60_L001_perRead,TCRB,GGGCACACCTTCGC,CASSLRQESEAFF,8
SOC5T4_S60_L001_perRead,TCRB,GGGCACACCTTCGC,CASSPSDYSEQFF,8
SOC5T4_S60_L001_perRead,TCRB,GGGCACACCTTCGC,CASSLGGNQPQHF,8
SOC5T4_S60_L001_perRead,TCRB,GGGCACACCTTCGC,CASSLAGGSGGNTIYF,8
SOC5T4_S60_L001_perRead,TCRA,ACGCGGTGTGAGCT,CALSPSGTYKYIF,1
SOC5T4_S60_L001_perRead,TCRB,ACGCGGTGTGAGCT,CASSTGLYNEQFF,1
SOC5T4_S60_L001_perRead,TCRA,TACGTTACACCTAG,CVVTGSGNTGKLIF,1
SOC5T4_S60_L001_perRead,TCRB,TACGTTACACCTAG,CASSAAGTVDTGELFF,2
SOC5T4_S60_L001_perRead,TCRB,TACGTTACACCTAG,CASSSRRWGGDGYTF,2
SOC5T4_S60_L001_perRead,TCRB,TAGATTGAATACCG,CASSLVRPEETQYF,2
SOC5T4_S60_L001_perRead,TCRB,TAGATTGAATACCG,CASSAAGTVDTGELFF,2
SOC5T4_S60_L001_perRead,TCRB,GTTCAACTTCCTGC,CASTRMGGGAFGANVLTF,1
SOC5T4_S60_L001_perRead,TCRB,CTTCATGAGATGAA,CASSFGDRVGYGYTF,1
SOC5T4_S60_L001_perRead,TCRB,AGTTCTTGTGCAGT,CASSYEAGGLEQYF,1
SOC5T4_S60_L001_perRead,TCRA,CACGCTACTTCCAT,CAETRPFNTGNQFYF,1
SOC5T4_S60_L001_perRead,TCRA,CTTCATGAGAAACA,CAMRGLLQGAQKLVF,1
SOC5T4_S60_L001_perRead,TCRB,ACAATAACGCCATA,CASSAIQGLEAFF,2
SOC5T4_S60_L001_perRead,TCRB,ACAATAACGCCATA,CSVEGAGRIGYTF,2
SOC5T4_S60_L001_perRead,TCRB,CCACCTGATCGATG,CASSLGGNQPQHF,1
SOC5T4_S60_L001_perRead,TCRB,CAGATGACCTACGA,CASSLGGNQPQHF,1
SOC5T4_S60_L001_perRead,TCRB,TAACTCACGTACAC,CSATGNTEAFF,1
SOC5T4_S60_L001_perRead,TCRB,CCACCTGAGTGTTG,CSAKTRDNEQFF,8
SOC5T4_S60_L001_perRead,TCRB,CCACCTGAGTGTTG,CSATPGQGATSGRAGELFF,8
SOC5T4_S60_L001_perRead,TCRB,CCACCTGAGTGTTG,CASSPQSRSSSEQFF,8
SOC5T4_S60_L001_perRead,TCRB,CCACCTGAGTGTTG,CASSAAGTVDTGELFF,8
SOC5T4_S60_L001_perRead,TCRB,CCACCTGAGTGTTG,CASSPLRKEQYF,8
SOC5T4_S60_L001_perRead,TCRB,CCACCTGAGTGTTG,CSARFGGGSSNQPQHF,8
SOC5T4_S60_L001_perRead,TCRB,CCACCTGAGTGTTG,CASSLGGNQPQHF,8
SOC5T4_S60_L001_perRead,TCRB,CCACCTGAGTGTTG,CASSRTGESGEAFF,8
SOC5T4_S60_L001_perRead,TCRB,TGACGATGAGAATG,CSARDPARPTDTQYF,2
SOC5T4_S60_L001_perRead,TCRB,TGACGATGAGAATG,CASSLVRPEETQYF,2
SOC5T4_S60_L001_perRead,TCRB,GGAGCGCTACGGGA,CASSFGDRVGYGYTF,3
SOC5T4_S60_L001_perRead,TCRB,GGAGCGCTACGGGA,CSATGNTEAFF,3
SOC5T4_S60_L001_perRead,TCRB,GGAGCGCTACGGGA,CASSAAGTVDTGELFF,3
SOC5T4_S60_L001_perRead,TCRA,TCGGTAGATTCCAT,CIVYKNTGNQFYF,2
SOC5T4_S60_L001_perRead,TCRA,TCGGTAGATTCCAT,CAVRRGGNTGKLIF,2
SOC5T4_S60_L001_perRead,TCRA,TGGTATCTTATCGG,CAATRTFPGANYGGSQGNLIF,2
SOC5T4_S60_L001_perRead,TCRA,TGGTATCTTATCGG,CATDSGGYQKVTF,2
SOC5T4_S60_L001_perRead,TCRB,TGGTATCTTATCGG,CASSPLRKEQYF,3
SOC5T4_S60_L001_perRead,TCRB,TGGTATCTTATCGG,CASSSSGTGGVETQYF,3
SOC5T4_S60_L001_perRead,TCRB,TGGTATCTTATCGG,CASSLVRPEETQYF,3
SOC5T4_S60_L001_perRead,TCRB,TGGGTATGTCAGTG,CSASFRDRGHEQYF,1
SOC5T4_S60_L001_perRead,TCRA,TCGCACTGTAGACC,CAETGYGGSQGNLIF,1
SOC5T4_S60_L001_perRead,TCRB,ACGCCGGAGCAGTT,CASADRATQETQYF,1
SOC5T4_S60_L001_perRead,TCRA,CGACTCACCGTAGT,CVVSDNNNARLMF,1
SOC5T4_S60_L001_perRead,TCRB,CGACTCACCGTAGT,CSAHHRRGDLQETQYF,1
SOC5T4_S60_L001_perRead,TCRB,ATGTCACTGTGTCA,CATSDAGGADYGYTF,2
SOC5T4_S60_L001_perRead,TCRB,ATGTCACTGTGTCA,CASSSRRWGGDGYTF,2
SOC5T4_S60_L001_perRead,TCRB,AAGGCTTGAAACGA,CASSAAGTVDTGELFF,1
SOC5T4_S60_L001_perRead,TCRB,GGGTAACTCCTCAC,CASSVTRLRVNTEAFF,1
SOC5T4_S60_L001_perRead,TCRB,AAGGCTTGACCACA,CSALAGGTYEQYF,1
SOC5T4_S60_L001_perRead,TCRA,TGGTATCTTTTCAC,CAGETGANNLFF,2
SOC5T4_S60_L001_perRead,TCRA,TGGTATCTTTTCAC,CAMRGLLQGAQKLVF,2
SOC5T4_S60_L001_perRead,TCRB,TGGTATCTTTTCAC,CASSFGDRVGYGYTF,3
SOC5T4_S60_L001_perRead,TCRB,TGGTATCTTTTCAC,CATTGLYYGYTF,3
SOC5T4_S60_L001_perRead,TCRB,TGGTATCTTTTCAC,CATSVGGETQYF,3
SOC5T4_S60_L001_perRead,TCRB,AGTGACACTAACGC,CASSFGLAGNGELFF,3
SOC5T4_S60_L001_perRead,TCRB,AGTGACACTAACGC,CASSYEAGGLEQYF,3
SOC5T4_S60_L001_perRead,TCRB,AGTGACACTAACGC,CASSAAGTVDTGELFF,3
SOC5T4_S60_L001_perRead,TCRA,CGTGATGAGTCGAT,CAPRKAGAGSYQLTF,1
SOC5T4_S60_L001_perRead,TCRB,CGCAGGACGAGATA,CASSFGDRVGYGYTF,3
SOC5T4_S60_L001_perRead,TCRB,CGCAGGACGAGATA,CASSAIQGLEAFF,3
SOC5T4_S60_L001_perRead,TCRB,CGCAGGACGAGATA,CASSYEAGGLEQYF,3
SOC5T4_S60_L001_perRead,TCRB,CAACGATGTTGCAG,CASSPDRAGANVLTF,2
SOC5T4_S60_L001_perRead,TCRB,CAACGATGTTGCAG,CASSAAGTVDTGELFF,2
SOC5T4_S60_L001_perRead,TCRB,GTCCAGCTTTCTGT,CASSAIQGLEAFF,1
SOC5T4_S60_L001_perRead,TCRA,ATTGAATGAGAGGC,CAPRKAGAGSYQLTF,1
SOC5T4_S60_L001_perRead,TCRA,ACATCACTACCTCC,CAGQLRGGGSNYKLTF,1
SOC5T4_S60_L001_perRead,TCRA,GAGCGCACCCCACT,CAETGYGGSQGNLIF,1
SOC5T4_S60_L001_perRead,TCRB,TACGGCCTCAATCG,CASSSGNRENTEAFF,1
SOC5T4_S60_L001_perRead,TCRB,CCCATCGATTGCAG,CASSAAGTVDTGELFF,6
SOC5T4_S60_L001_perRead,TCRB,CCCATCGATTGCAG,CSALAGGTYEQYF,6
SOC5T4_S60_L001_perRead,TCRB,CCCATCGATTGCAG,CASSLGGNQPQHF,6
SOC5T4_S60_L001_perRead,TCRB,CCCATCGATTGCAG,CASSPPRKLVANEQFF,6
SOC5T4_S60_L001_perRead,TCRB,CCCATCGATTGCAG,CASSLEGTPRDEQYF,6
SOC5T4_S60_L001_perRead,TCRB,CCCATCGATTGCAG,CVSRRLAVTDTQYF,6
SOC5T4_S60_L001_perRead,TCRB,TATCAAGAATCGGT,CASSLEGTPRDEQYF,1
SOC5T4_S60_L001_perRead,TCRB,TCCCGAACCGAATC,CASSLLQGMSEKLFF,1
SOC5T4_S60_L001_perRead,TCRA,TTAGAATGTCGTAG,CAERGRSNTGKLIF,3
SOC5T4_S60_L001_perRead,TCRA,TTAGAATGTCGTAG,CAVPLGWSGGYNKLIF,3
SOC5T4_S60_L001_perRead,TCRA,TTAGAATGTCGTAG,CAATSSGGYNKLIF,3
SOC5T4_S60_L001_perRead,TCRB,TTAGAATGTCGTAG,CASSYREQFNEKLFF,2
SOC5T4_S60_L001_perRead,TCRB,TTAGAATGTCGTAG,CASSYEAGGLEQYF,2
SOC5T4_S60_L001_perRead,TCRB,AGTGTGACGGGAGT,CATSVGGETQYF,1
SOC5T4_S60_L001_perRead,TCRA,CATAAATGGCAGAG,CAMSQGAQKLVF,1
SOC5T4_S60_L001_perRead,TCRB,CATAAATGGCAGAG,CSALAGGTYEQYF,2
SOC5T4_S60_L001_perRead,TCRB,CATAAATGGCAGAG,CASSFGLAGNGELFF,2
SOC5T4_S60_L001_perRead,TCRB,GCCGACGAACCCTC,CASSETGVKNIQYF,3
SOC5T4_S60_L001_perRead,TCRB,GCCGACGAACCCTC,CASRVSGVTNTGELFF,3
SOC5T4_S60_L001_perRead,TCRB,GCCGACGAACCCTC,CASSLGGNQPQHF,3
SOC5T4_S60_L001_perRead,TCRB,GTAAGCACAAGGGC,CASSYEAGGLEQYF,1
SOC5T4_S60_L001_perRead,TCRB,GGCAATACGGAAGC,CASSKRTSGRDNEQFF,2
SOC5T4_S60_L001_perRead,TCRB,GGCAATACGGAAGC,CASCLLAESYNEQFF,2
SOC5T4_S60_L001_perRead,TCRB,ATATACGACCAACA,CASSYEAGGLEQYF,1
SOC5T4_S60_L001_perRead,TCRB,CAGCATGAGTACGT,CASSYSPPSSGTFTGELFF,1
SOC5T4_S60_L001_perRead,TCRA,AGCTTACTGGACAG,CAGETGANNLFF,3
SOC5T4_S60_L001_perRead,TCRA,AGCTTACTGGACAG,CAGQEPGTASKLTF,3
SOC5T4_S60_L001_perRead,TCRA,AGCTTACTGGACAG,CVVSDNNNARLMF,3
SOC5T4_S60_L001_perRead,TCRB,GTAGACTGCTATGG,CASTDGAFWPEQYF,1
SOC5T4_S60_L001_perRead,TCRB,GAAGGGTGATCGAC,CSARPGVRQDEKLFF,3
SOC5T4_S60_L001_perRead,TCRB,GAAGGGTGATCGAC,CSATPGQGATSGRAGELFF,3
SOC5T4_S60_L001_perRead,TCRB,GAAGGGTGATCGAC,CSARFGGGSSNQPQHF,3
SOC5T4_S60_L001_perRead,TCRB,CGGTCACTTTATCC,CASSLVRPEETQYF,2
SOC5T4_S60_L001_perRead,TCRB,CGGTCACTTTATCC,CASSLGGNQPQHF,2
SOC5T4_S60_L001_perRead,TCRB,TAAGCTCTACAGCT,CASSTGLYNEQFF,1
SOC5T4_S60_L001_perRead,TCRB,GTAGCAACTGTGCA,CASSAAGTVDTGELFF,7
SOC5T4_S60_L001_perRead,TCRB,GTAGCAACTGTGCA,CASSLVAGIGGYTF,7
SOC5T4_S60_L001_perRead,TCRB,GTAGCAACTGTGCA,CASSLVRPEETQYF,7
SOC5T4_S60_L001_perRead,TCRB,GTAGCAACTGTGCA,CSALAGGTYEQYF,7
SOC5T4_S60_L001_perRead,TCRB,GTAGCAACTGTGCA,CASSTGLYNEQFF,7
SOC5T4_S60_L001_perRead,TCRB,GTAGCAACTGTGCA,CASSYEAGGLEQYF,7
SOC5T4_S60_L001_perRead,TCRB,GTAGCAACTGTGCA,CSASFRDRGHEQYF,7
SOC5T4_S60_L001_perRead,TCRA,GTGCTAGATACGAC,CAVQNQAGTALIF,1
SOC5T4_S60_L001_perRead,TCRB,GTGCTAGATACGAC,CASSFGDRVGYGYTF,3
SOC5T4_S60_L001_perRead,TCRB,GTGCTAGATACGAC,CASSAIQGLEAFF,3
SOC5T4_S60_L001_perRead,TCRB,GTGCTAGATACGAC,CASSYEAGGLEQYF,3
SOC5T4_S60_L001_perRead,TCRB,GATTCTTGAACGGG,CASSAAGTVDTGELFF,7
SOC5T4_S60_L001_perRead,TCRB,GATTCTTGAACGGG,CASRPGSFYGAKNIQYF,7
SOC5T4_S60_L001_perRead,TCRB,GATTCTTGAACGGG,CASSPLRKEQYF,7
SOC5T4_S60_L001_perRead,TCRB,GATTCTTGAACGGG,CASSLVRPEETQYF,7
SOC5T4_S60_L001_perRead,TCRB,GATTCTTGAACGGG,CSALAGGTYEQYF,7
SOC5T4_S60_L001_perRead,TCRB,GATTCTTGAACGGG,CASSTGLYNEQFF,7
SOC5T4_S60_L001_perRead,TCRB,GATTCTTGAACGGG,CSARRAGAMNEQFF,7
SOC5T4_S60_L001_perRead,TCRB,TCCCGATGCCTCGT,CASSTGLYNEQFF,3
SOC5T4_S60_L001_perRead,TCRB,TCCCGATGCCTCGT,CSVESSGRLYEQFF,3
SOC5T4_S60_L001_perRead,TCRB,TCCCGATGCCTCGT,CASSAAGTVDTGELFF,3
SOC5T4_S60_L001_perRead,TCRB,CAGACAACCCTCGT,CASSAAGTVDTGELFF,1
SOC5T4_S60_L001_perRead,TCRB,ACCATTTGGACAGG,CASSYEAGGLEQYF,2
SOC5T4_S60_L001_perRead,TCRB,ACCATTTGGACAGG,CASSAAGTVDTGELFF,2
SOC5T4_S60_L001_perRead,TCRB,CCCGAACTTATCGG,CASSLGGNQPQHF,1
SOC5T4_S60_L001_perRead,TCRB,GAGGATCTGGGAGT,CASSYEAGGLEQYF,5
SOC5T4_S60_L001_perRead,TCRB,GAGGATCTGGGAGT,CSALAGGTYEQYF,5
SOC5T4_S60_L001_perRead,TCRB,GAGGATCTGGGAGT,CASSFGLAGNGELFF,5
SOC5T4_S60_L001_perRead,TCRB,GAGGATCTGGGAGT,CSVESSGRLYEQFF,5
SOC5T4_S60_L001_perRead,TCRB,GAGGATCTGGGAGT,CASSAAGTVDTGELFF,5
SOC5T4_S60_L001_perRead,TCRA,TTCCAAACCGATAC,CALSPSGTYKYIF,1
SOC5T4_S60_L001_perRead,TCRB,GTCTAGGAGGAGCA,CASSYSRGGFQETQYF,3
SOC5T4_S60_L001_perRead,TCRB,GTCTAGGAGGAGCA,CATSVGGETQYF,3
SOC5T4_S60_L001_perRead,TCRB,GTCTAGGAGGAGCA,CASSAAGTVDTGELFF,3
SOC5T4_S60_L001_perRead,TCRB,CGCATAGAGGGATG,CASSETGVKNIQYF,2
SOC5T4_S60_L001_perRead,TCRB,CGCATAGAGGGATG,CATSVGGETQYF,2
SOC5T4_S60_L001_perRead,TCRB,TGAGCTGATCCGAA,CASSTGLYNEQFF,1
SOC5T4_S60_L001_perRead,TCRA,CATTCCCTTGGTGT,CVVRVQAGTALIF,1
SOC5T4_S60_L001_perRead,TCRB,CAATTCACAGTGCT,CSANQAGVRDTQYF,1
SOC5T4_S60_L001_perRead,TCRB,AACACTCTGCGTTA,CASSLVRPEETQYF,2
SOC5T4_S60_L001_perRead,TCRB,AACACTCTGCGTTA,CSALGVGGTSTDTQYF,2
SOC5T4_S60_L001_perRead,TCRB,TCTTGATGTGGAAA,CASSFSNSPLHF,2
SOC5T4_S60_L001_perRead,TCRB,TCTTGATGTGGAAA,CASSSRLGSPAGNTIYF,2
SOC5T4_S60_L001_perRead,TCRB,CTTCATGAGAGCAG,CASSLRQESEAFF,3
SOC5T4_S60_L001_perRead,TCRB,CTTCATGAGAGCAG,CSALAGGTYEQYF,3
SOC5T4_S60_L001_perRead,TCRB,CTTCATGAGAGCAG,CASSPSDYSEQFF,3
SOC5T4_S60_L001_perRead,TCRB,AGCCGGACCGAACT,CASSTGLYNEQFF,3
SOC5T4_S60_L001_perRead,TCRB,AGCCGGACCGAACT,CASSPSDYSEQFF,3
SOC5T4_S60_L001_perRead,TCRB,AGCCGGACCGAACT,CASSAAGTVDTGELFF,3
SOC5T4_S60_L001_perRead,TCRB,CTGACAGAGAGACG,CASSPDRAGANVLTF,6
SOC5T4_S60_L001_perRead,TCRB,CTGACAGAGAGACG,CASSAAGTVDTGELFF,6
SOC5T4_S60_L001_perRead,TCRB,CTGACAGAGAGACG,CASSETGVKNIQYF,6
SOC5T4_S60_L001_perRead,TCRB,CTGACAGAGAGACG,CASSQGQGASYEQYF,6
SOC5T4_S60_L001_perRead,TCRB,CTGACAGAGAGACG,CASSYEAGGLEQYF,6
SOC5T4_S60_L001_perRead,TCRB,CTGACAGAGAGACG,CASSSGNRENTEAFF,6
SOC5T4_S60_L001_perRead,TCRA,TATCTTCTCGAATC,CAEKQNYGQNFVF,1
SOC5T4_S60_L001_perRead,TCRB,TATCTTCTCGAATC,CASSPDRAGANVLTF,1
SOC5T4_S60_L001_perRead,TCRB,AATGAGGACAGAAA,CASSAIQGLEAFF,4
SOC5T4_S60_L001_perRead,TCRB,AATGAGGACAGAAA,CASSLAGGSGGNTIYF,4
SOC5T4_S60_L001_perRead,TCRB,AATGAGGACAGAAA,CASSLGGNQPQHF,4
SOC5T4_S60_L001_perRead,TCRB,AATGAGGACAGAAA,CSARKGYTF,4
SOC5T4_S60_L001_perRead,TCRB,ACGTGCCTTCCAGA,CASSLVRPEETQYF,4
SOC5T4_S60_L001_perRead,TCRB,ACGTGCCTTCCAGA,CASSAIQGLEAFF,4
SOC5T4_S60_L001_perRead,TCRB,ACGTGCCTTCCAGA,CASSSGNRENTEAFF,4
SOC5T4_S60_L001_perRead,TCRB,ACGTGCCTTCCAGA,CSATGNTEAFF,4
SOC5T4_S60_L001_perRead,TCRA,CAGGTTGAGTTACG,CALSVLRSNDYKLSF,2
SOC5T4_S60_L001_perRead,TCRA,CAGGTTGAGTTACG,CAMSQGAQKLVF,2
SOC5T4_S60_L001_perRead,TCRB,CAGGTTGAGTTACG,CASSFGDRVGYGYTF,3
SOC5T4_S60_L001_perRead,TCRB,CAGGTTGAGTTACG,CASSAIQGLEAFF,3
SOC5T4_S60_L001_perRead,TCRB,CAGGTTGAGTTACG,CASSSGNRENTEAFF,3
SOC5T4_S60_L001_perRead,TCRB,GCACACCTGATGAA,CASSAIQGLEAFF,1
SOC5T4_S60_L001_perRead,TCRB,ATTGATGAACGGGA,CSVESSGRLYEQFF,1
SOC5T4_S60_L001_perRead,TCRB,CCCAAAGAGCGGAA,CASSAIQGLEAFF,3
SOC5T4_S60_L001_perRead,TCRB,CCCAAAGAGCGGAA,CSALAGGTYEQYF,3
SOC5T4_S60_L001_perRead,TCRB,CCCAAAGAGCGGAA,CASSLGGNQPQHF,3
SOC5T4_S60_L001_perRead,TCRA,ACCCACTGGCTTCC,CAVCPNSGYALNF,1
SOC5T4_S60_L001_perRead,TCRB,TTCAGTACCGTTGA,CATSVGGETQYF,1
SOC5T4_S60_L001_perRead,TCRB,CACCACTGCTGTTT,CASSAIQGLEAFF,3
SOC5T4_S60_L001_perRead,TCRB,CACCACTGCTGTTT,CASSFGLRAGVGETQYF,3
SOC5T4_S60_L001_perRead,TCRB,CACCACTGCTGTTT,CASSLGGNQPQHF,3
SOC5T4_S60_L001_perRead,TCRB,TGCAAGACGACGGA,CASSAAGTVDTGELFF,1
SOC5T4_S60_L001_perRead,TCRB,GAGGGAACTGTTTC,CSAFSDADTQYF,1
SOC5T4_S60_L001_perRead,TCRA,TATCAGCTGTTCGA,CAARPDTGRRALTF,1
SOC5T4_S60_L001_perRead,TCRB,TATCAGCTGTTCGA,CASSAAGTVDTGELFF,1
SOC5T4_S60_L001_perRead,TCRB,TTTCGAACCTGACA,CSASRTSMDEQFF,2
SOC5T4_S60_L001_perRead,TCRB,TTTCGAACCTGACA,CSVESSGRLYEQFF,2
SOC5T4_S60_L001_perRead,TCRA,GGTACATGTAGAAG,CAMRGLLQGAQKLVF,1
SOC5T4_S60_L001_perRead,TCRB,AGTTAAACGTACGT,CSASNAASGIGNEQFF,3
SOC5T4_S60_L001_perRead,TCRB,AGTTAAACGTACGT,CSALAGGTYEQYF,3
SOC5T4_S60_L001_perRead,TCRB,AGTTAAACGTACGT,CSATGNTEAFF,3
SOC5T4_S60_L001_perRead,TCRB,AGGTTGTGCTGACA,CASRVGLAGAYTDTQYF,1
SOC5T4_S60_L001_perRead,TCRB,TAGACGTGCCTGTC,CASSPLRKEQYF,3
SOC5T4_S60_L001_perRead,TCRB,TAGACGTGCCTGTC,CASSLAGGSGGNTIYF,3
SOC5T4_S60_L001_perRead,TCRB,TAGACGTGCCTGTC,CASSAAGTVDTGELFF,3
SOC5T4_S60_L001_perRead,TCRA,GTGAACACGGTTCA,CVVTGSGNTGKLIF,1
SOC5T4_S60_L001_perRead,TCRB,GTGAACACGGTTCA,CATTGLYYGYTF,2
SOC5T4_S60_L001_perRead,TCRB,GTGAACACGGTTCA,CASSKRTSGRDNEQFF,2
SOC5T4_S60_L001_perRead,TCRB,ACCTCCGAACCTTT,CASSSPTSGIVSSYEQYF,1
SOC5T4_S60_L001_perRead,TCRB,GACGGCACCCGATA,CASSYEAGGLEQYF,1
SOC5T4_S60_L001_perRead,TCRB,TGATAAACTGCCCT,CASSPLRKEQYF,5
SOC5T4_S60_L001_perRead,TCRB,TGATAAACTGCCCT,CASSFGASLWDTQYF,5
SOC5T4_S60_L001_perRead,TCRB,TGATAAACTGCCCT,CASSAIQGLEAFF,5
SOC5T4_S60_L001_perRead,TCRB,TGATAAACTGCCCT,CASSPDRAGANVLTF,5
SOC5T4_S60_L001_perRead,TCRB,TGATAAACTGCCCT,CASSAAGTVDTGELFF,5
SOC5T4_S60_L001_perRead,TCRA,GTTTAAGACAAGCT,CAATSSGGYNKLIF,1
SOC5T4_S60_L001_perRead,TCRB,GTTTAAGACAAGCT,CSAFSDADTQYF,6
SOC5T4_S60_L001_perRead,TCRB,GTTTAAGACAAGCT,CSALAGGTYEQYF,6
SOC5T4_S60_L001_perRead,TCRB,GTTTAAGACAAGCT,CASSQVSSGRVGSYNEQFF,6
SOC5T4_S60_L001_perRead,TCRB,GTTTAAGACAAGCT,CASSYEAGGLEQYF,6
SOC5T4_S60_L001_perRead,TCRB,GTTTAAGACAAGCT,CASSLEGTPRDEQYF,6
SOC5T4_S60_L001_perRead,TCRB,GTTTAAGACAAGCT,CVSRRLAVTDTQYF,6
SOC5T4_S60_L001_perRead,TCRB,TAAGTCCTCGGTAT,CASSFGDRVGYGYTF,2
SOC5T4_S60_L001_perRead,TCRB,TAAGTCCTCGGTAT,CASSYEAGGLEQYF,2
SOC5T4_S60_L001_perRead,TCRB,GCGGACTGTAGCGT,CASSLVRPEETQYF,4
SOC5T4_S60_L001_perRead,TCRB,GCGGACTGTAGCGT,CSALAGGTYEQYF,4
SOC5T4_S60_L001_perRead,TCRB,GCGGACTGTAGCGT,CASSYEAGGLEQYF,4
SOC5T4_S60_L001_perRead,TCRB,GCGGACTGTAGCGT,CASSAAGTVDTGELFF,4
SOC5T4_S60_L001_perRead,TCRB,AGATCGTGTGTAGC,CATTGLYYGYTF,3
SOC5T4_S60_L001_perRead,TCRB,AGATCGTGTGTAGC,CSARFGGGSSNQPQHF,3
SOC5T4_S60_L001_perRead,TCRB,AGATCGTGTGTAGC,CASSTGLYNEQFF,3
SOC5T4_S60_L001_perRead,TCRB,ACGTGCCTCTCTAT,CSALAGGTYEQYF,2
SOC5T4_S60_L001_perRead,TCRB,ACGTGCCTCTCTAT,CASSYEAGGLEQYF,2
SOC5T4_S60_L001_perRead,TCRB,TTGACACTTCATTC,CASSLVRPEETQYF,3
SOC5T4_S60_L001_perRead,TCRB,TTGACACTTCATTC,CSVESSGRLYEQFF,3
SOC5T4_S60_L001_perRead,TCRB,TTGACACTTCATTC,CASSLGGNQPQHF,3
SOC5T4_S60_L001_perRead,TCRA,TGGATTCTGTCAAC,CATDSGGYQKVTF,1
SOC5T4_S60_L001_perRead,TCRB,TGGATTCTGTCAAC,CASSPLRKEQYF,2
SOC5T4_S60_L001_perRead,TCRB,TGGATTCTGTCAAC,CSARRAGAMNEQFF,2
SOC5T4_S60_L001_perRead,TCRB,GGAGAGACTGTCTT,CASSAAGTVDTGELFF,6
SOC5T4_S60_L001_perRead,TCRB,GGAGAGACTGTCTT,CASSLVRPEETQYF,6
SOC5T4_S60_L001_perRead,TCRB,GGAGAGACTGTCTT,CASSYEAGGLEQYF,6
SOC5T4_S60_L001_perRead,TCRB,GGAGAGACTGTCTT,CSARRAGAMNEQFF,6
SOC5T4_S60_L001_perRead,TCRB,GGAGAGACTGTCTT,CASSFGLRAGVGETQYF,6
SOC5T4_S60_L001_perRead,TCRB,GGAGAGACTGTCTT,CASSLGGNQPQHF,6
SOC5T4_S60_L001_perRead,TCRA,TAGGAGCTGCGAGA,CAETGYGGSQGNLIF,4
SOC5T4_S60_L001_perRead,TCRA,TAGGAGCTGCGAGA,CAVQNQAGTALIF,4
SOC5T4_S60_L001_perRead,TCRA,TAGGAGCTGCGAGA,CAATSSGGYNKLIF,4
SOC5T4_S60_L001_perRead,TCRA,TAGGAGCTGCGAGA,CADIDDDSWGKLQF,4
SOC5T4_S60_L001_perRead,TCRB,TAGGAGCTGCGAGA,CSVESSGRLYEQFF,6
SOC5T4_S60_L001_perRead,TCRB,TAGGAGCTGCGAGA,CASSPDRAGANVLTF,6
SOC5T4_S60_L001_perRead,TCRB,TAGGAGCTGCGAGA,CASSALGITYEQYF,6
SOC5T4_S60_L001_perRead,TCRB,TAGGAGCTGCGAGA,CASSTGLYNEQFF,6
SOC5T4_S60_L001_perRead,TCRB,TAGGAGCTGCGAGA,CASSYEAGGLEQYF,6
SOC5T4_S60_L001_perRead,TCRB,TAGGAGCTGCGAGA,CATSVGGETQYF,6
SOC5T4_S60_L001_perRead,TCRA,ATTGCACTACACTG,CAVSDLTNTGNQFYF,1
SOC5T4_S60_L001_perRead,TCRB,ATTGCACTACACTG,CASSLVRPEETQYF,1
SOC5T4_S60_L001_perRead,TCRB,TAGAAACTCACAAC,CASSRDRGGDEKLFF,2
SOC5T4_S60_L001_perRead,TCRB,TAGAAACTCACAAC,CASRPGGSAYGYTF,2
SOC5T4_S60_L001_perRead,TCRB,TCTAGTTGCAAAGA,CSAKTRDNEQFF,2
SOC5T4_S60_L001_perRead,TCRB,TCTAGTTGCAAAGA,CASSAIQGLEAFF,2
SOC5T4_S60_L001_perRead,TCRB,AGCTGTGATGTCAG,CASRKEDFYEQYF,3
SOC5T4_S60_L001_perRead,TCRB,AGCTGTGATGTCAG,CASSFGLAGNGELFF,3
SOC5T4_S60_L001_perRead,TCRB,AGCTGTGATGTCAG,CASSAAGTVDTGELFF,3
SOC5T4_S60_L001_perRead,TCRB,TGTAGGTGATGACC,CASSAAGTVDTGELFF,1
SOC5T4_S60_L001_perRead,TCRA,GGATGTTGTCAGTG,CAETLSNSGYALNF,1
SOC5T4_S60_L001_perRead,TCRB,CAAAGCACCCTTTA,CATSDAGGADYGYTF,3
SOC5T4_S60_L001_perRead,TCRB,CAAAGCACCCTTTA,CASSQGQGASYEQYF,3
SOC5T4_S60_L001_perRead,TCRB,CAAAGCACCCTTTA,CASSSRRWGGDGYTF,3
SOC5T4_S60_L001_perRead,TCRB,GTCGAATGATGTCG,CASRPGGSAYGYTF,1
SOC5T4_S60_L001_perRead,TCRA,CAACAGACAGCACT,CALSEAGYGGATNKLIF,1
SOC5T4_S60_L001_perRead,TCRB,AACAGCACTATTCC,CASSSPTSGIVSSYEQYF,5
SOC5T4_S60_L001_perRead,TCRB,AACAGCACTATTCC,CASSTGLYNEQFF,5
SOC5T4_S60_L001_perRead,TCRB,AACAGCACTATTCC,CSARVPLTGNEQFF,5
SOC5T4_S60_L001_perRead,TCRB,AACAGCACTATTCC,CSVESSGRLYEQFF,5
SOC5T4_S60_L001_perRead,TCRB,AACAGCACTATTCC,CASSAAGTVDTGELFF,5
SOC5T4_S60_L001_perRead,TCRB,CGGTACCTTGCTCC,CASSRTGESGEAFF,1
SOC5T4_S60_L001_perRead,TCRA,AACCCAGATTACCT,CAVSEDNQGGKLIF,1
SOC5T4_S60_L001_perRead,TCRB,CCTATTGAACTCAG,CASSLVRPEETQYF,2
SOC5T4_S60_L001_perRead,TCRB,CCTATTGAACTCAG,CASSPQSRSSSEQFF,2
SOC5T4_S60_L001_perRead,TCRB,GAGTCTGACATCAG,CASSPLRKEQYF,2
SOC5T4_S60_L001_perRead,TCRB,GAGTCTGACATCAG,CASSTGLYNEQFF,2
SOC5T4_S60_L001_perRead,TCRA,GGCACGTGAGAAGT,CAMRGLLQGAQKLVF,2
SOC5T4_S60_L001_perRead,TCRA,GGCACGTGAGAAGT,CAVDTGRRALTF,2
SOC5T4_S60_L001_perRead,TCRB,GGCACGTGAGAAGT,CSALAGGTYEQYF,1
SOC5T4_S60_L001_perRead,TCRB,GACGTCCTGTTCGA,CASSLVRPEETQYF,4
SOC5T4_S60_L001_perRead,TCRB,GACGTCCTGTTCGA,CASSLAGGSGGNTIYF,4
SOC5T4_S60_L001_perRead,TCRB,GACGTCCTGTTCGA,CASSLAGFGGTVYNEQFF,4
SOC5T4_S60_L001_perRead,TCRB,GACGTCCTGTTCGA,CSATGNTEAFF,4
SOC5T4_S60_L001_perRead,TCRA,GCAGCCGACATCAG,CAGANTNAGKSTF,1
SOC5T4_S60_L001_perRead,TCRB,GCAGCCGACATCAG,CASSAAGTVDTGELFF,10
SOC5T4_S60_L001_perRead,TCRB,GCAGCCGACATCAG,CASSLVAGIGGYTF,10
SOC5T4_S60_L001_perRead,TCRB,GCAGCCGACATCAG,CASSLVRPEETQYF,10
SOC5T4_S60_L001_perRead,TCRB,GCAGCCGACATCAG,CASSLGVDPRGTDTQYF,10
SOC5T4_S60_L001_perRead,TCRB,GCAGCCGACATCAG,CASSYEAGGLEQYF,10
SOC5T4_S60_L001_perRead,TCRB,GCAGCCGACATCAG,CSETSEPNYGYTF,10
SOC5T4_S60_L001_perRead,TCRB,GCAGCCGACATCAG,CASSLEGTPRDEQYF,10
SOC5T4_S60_L001_perRead,TCRB,GCAGCCGACATCAG,CATTGLYYGYTF,10
SOC5T4_S60_L001_perRead,TCRB,GCAGCCGACATCAG,CSARPGVRQDEKLFF,10
SOC5T4_S60_L001_perRead,TCRB,GCAGCCGACATCAG,CASSSRRWGGDGYTF,10
SOC5T4_S60_L001_perRead,TCRA,TGTCTAACCTGGAT,CALSSGRREGGSEKLVF,1
SOC5T4_S60_L001_perRead,TCRB,CCTCATCTAACTGC,CASSFGLAGNGELFF,4
SOC5T4_S60_L001_perRead,TCRB,CCTCATCTAACTGC,CASSLRQESEAFF,4
SOC5T4_S60_L001_perRead,TCRB,CCTCATCTAACTGC,CASSPLARGNGYTF,4
SOC5T4_S60_L001_perRead,TCRB,CCTCATCTAACTGC,CSARKGYTF,4
SOC5T4_S60_L001_perRead,TCRB,ATAGCGTGTTGGTG,CSALAGGTYEQYF,1
SOC5T4_S60_L001_perRead,TCRB,AACCACGACTGCTC,CSALAGGTYEQYF,3
SOC5T4_S60_L001_perRead,TCRB,AACCACGACTGCTC,CASSPDRAGANVLTF,3
SOC5T4_S60_L001_perRead,TCRB,AACCACGACTGCTC,CSETSEPNYGYTF,3
SOC5T4_S60_L001_perRead,TCRB,TTTCCAGACGCATA,CASSLVRPEETQYF,4
SOC5T4_S60_L001_perRead,TCRB,TTTCCAGACGCATA,CASSDRQHIFNYGYTF,4
SOC5T4_S60_L001_perRead,TCRB,TTTCCAGACGCATA,CSVDLLRDRGGSDTQYF,4
SOC5T4_S60_L001_perRead,TCRB,TTTCCAGACGCATA,CASSAAGTVDTGELFF,4
SOC5T4_S60_L001_perRead,TCRA,GTAAGCTGAGAACA,CALSSGRREGGSEKLVF,2
SOC5T4_S60_L001_perRead,TCRA,GTAAGCTGAGAACA,CALSPSGTYKYIF,2
SOC5T4_S60_L001_perRead,TCRB,GTAAGCTGAGAACA,CSALAGGTYEQYF,1
SOC5T4_S60_L001_perRead,TCRA,GAGATGCTCTCGCT,CAVHVYNFNKFYF,1
SOC5T4_S60_L001_perRead,TCRB,CGGAGGCTCTGTGA,CSALAGGTYEQYF,1
SOC5T4_S60_L001_perRead,TCRB,AGTTAAACTGTCAG,CASSYEAGGLEQYF,1
SOC5T4_S60_L001_perRead,TCRB,AGGGTTTGAAAAGC,CSAQGVIGTDTQYF,1
SOC5T4_S60_L001_perRead,TCRB,GTACAGTGCTGGAT,CSALAGGTYEQYF,2
SOC5T4_S60_L001_perRead,TCRB,GTACAGTGCTGGAT,CASSPREGTLEAFF,2
SOC5T4_S60_L001_perRead,TCRA,TTATGAGATTATCC,CILKRGGGADGLTF,1
SOC5T4_S60_L001_perRead,TCRB,CACTATACATGCCA,CAGGLAGNEQFF,1
SOC5T4_S60_L001_perRead,TCRA,GATCTTACATGCTG,CILRVTSHGSGNTGKLIF,1
SOC5T4_S60_L001_perRead,TCRB,GATCTTACATGCTG,CSVDKDRDGYGYTF,3
SOC5T4_S60_L001_perRead,TCRB,GATCTTACATGCTG,CASSLAGGSGGNTIYF,3
SOC5T4_S60_L001_perRead,TCRB,GATCTTACATGCTG,CASSLGGNQPQHF,3
SOC5T4_S60_L001_perRead,TCRA,AGAAAGTGGGATTC,CAGAPGNQFYF,1
SOC5T4_S60_L001_perRead,TCRB,GTCCACACAGTGCT,CASSAIQGLEAFF,1
SOC5T4_S60_L001_perRead,TCRA,TATCGTACACTTTC,CAEKQNYGQNFVF,1
SOC5T4_S60_L001_perRead,TCRB,TATCGTACACTTTC,CASSYREQFNEKLFF,3
SOC5T4_S60_L001_perRead,TCRB,TATCGTACACTTTC,CASSFGDRVGYGYTF,3
SOC5T4_S60_L001_perRead,TCRB,TATCGTACACTTTC,CASSAIQGLEAFF,3
SOC5T4_S60_L001_perRead,TCRB,GAAGTGCTGGACTT,CASSLRQESEAFF,2
SOC5T4_S60_L001_perRead,TCRB,GAAGTGCTGGACTT,CASSAAGTVDTGELFF,2
SOC5T4_S60_L001_perRead,TCRB,CATTGACTACTTTC,CASRDGLAGGSAEQFF,1
SOC5T4_S60_L001_perRead,TCRB,TACTACACTCGACA,CASSLGGNQPQHF,1
SOC5T4_S60_L001_perRead,TCRB,CATGCCACGTCTAG,CSALAGGTYEQYF,2
SOC5T4_S60_L001_perRead,TCRB,CATGCCACGTCTAG,CASSAAGTVDTGELFF,2
SOC5T4_S60_L001_perRead,TCRB,GAGAAATGGTACGT,CASSSQGGNNEQFF,1
SOC5T4_S60_L001_perRead,TCRB,CATTCCCTAGAGTA,CASSLVRPEETQYF,3
SOC5T4_S60_L001_perRead,TCRB,CATTCCCTAGAGTA,CASSAIQGLEAFF,3
SOC5T4_S60_L001_perRead,TCRB,CATTCCCTAGAGTA,CASSPQSRSSSEQFF,3
SOC5T4_S60_L001_perRead,TCRA,ACGAGGGATCACGA,CLVGESNARLMF,2
SOC5T4_S60_L001_perRead,TCRA,ACGAGGGATCACGA,CAATRTFPGANYGGSQGNLIF,2
SOC5T4_S60_L001_perRead,TCRB,AAATTCGATGCACA,CASSAAGTVDTGELFF,1
SOC5T4_S60_L001_perRead,TCRA,TCCCACGAGTTTGG,CAGETGANNLFF,2
SOC5T4_S60_L001_perRead,TCRA,TCCCACGAGTTTGG,CATDSGGYQKVTF,2
SOC5T4_S60_L001_perRead,TCRB,TCCCACGAGTTTGG,CASSPLRKEQYF,5
SOC5T4_S60_L001_perRead,TCRB,TCCCACGAGTTTGG,CSALAGGTYEQYF,5
SOC5T4_S60_L001_perRead,TCRB,TCCCACGAGTTTGG,CASSYEAGGLEQYF,5
SOC5T4_S60_L001_perRead,TCRB,TCCCACGAGTTTGG,CSAFSDADTQYF,5
SOC5T4_S60_L001_perRead,TCRB,TCCCACGAGTTTGG,CASSAAGTVDTGELFF,5
SOC5T4_S60_L001_perRead,TCRA,CTGGCACTCATGGT,CAAKDSGTYKYIF,2
SOC5T4_S60_L001_perRead,TCRA,CTGGCACTCATGGT,CADIDDDSWGKLQF,2
SOC5T4_S60_L001_perRead,TCRB,CTGGCACTCATGGT,CASSLVRPEETQYF,1
SOC5T4_S60_L001_perRead,TCRA,CTCTAATGAGTGTC,CAVSEDNQGGKLIF,1
SOC5T4_S60_L001_perRead,TCRB,CTCTAATGAGTGTC,CASSSSGTGGVETQYF,2
SOC5T4_S60_L001_perRead,TCRB,CTCTAATGAGTGTC,CSALAGGTYEQYF,2
SOC5T4_S60_L001_perRead,TCRB,TCGATTTGTGCTCC,CAGGLAGNEQFF,8
SOC5T4_S60_L001_perRead,TCRB,TCGATTTGTGCTCC,CASSPDRAGANVLTF,8
SOC5T4_S60_L001_perRead,TCRB,TCGATTTGTGCTCC,CASSAAGTVDTGELFF,8
SOC5T4_S60_L001_perRead,TCRB,TCGATTTGTGCTCC,CASSFGDRVGYGYTF,8
SOC5T4_S60_L001_perRead,TCRB,TCGATTTGTGCTCC,CSVEDLIGGTQYF,8
SOC5T4_S60_L001_perRead,TCRB,TCGATTTGTGCTCC,CSALAGGTYEQYF,8
SOC5T4_S60_L001_perRead,TCRB,TCGATTTGTGCTCC,CASSALGITYEQYF,8
SOC5T4_S60_L001_perRead,TCRB,TCGATTTGTGCTCC,CSAPPVSGLATNEQFF,8
SOC5T4_S60_L001_perRead,TCRB,CGAAGTACCTGCTC,CSARDPARPTDTQYF,1
SOC5T4_S60_L001_perRead,TCRB,GAAGCTTGCAACCA,CSARDPARPTDTQYF,5
SOC5T4_S60_L001_perRead,TCRB,GAAGCTTGCAACCA,CASSGSRGGSYYEQYF,5
SOC5T4_S60_L001_perRead,TCRB,GAAGCTTGCAACCA,CASSAIQGLEAFF,5
SOC5T4_S60_L001_perRead,TCRB,GAAGCTTGCAACCA,CASSPQSRSSSEQFF,5
SOC5T4_S60_L001_perRead,TCRB,GAAGCTTGCAACCA,CASSAAGTVDTGELFF,5
SOC5T4_S60_L001_perRead,TCRA,TACGATCTATTCCT,CAGSSGGSYIPTF,1
SOC5T4_S60_L001_perRead,TCRB,TACGATCTATTCCT,CASSSQGGNNEQFF,3
SOC5T4_S60_L001_perRead,TCRB,TACGATCTATTCCT,CASSTGLYNEQFF,3
SOC5T4_S60_L001_perRead,TCRB,TACGATCTATTCCT,CASSPLRKEQYF,3
SOC5T4_S60_L001_perRead,TCRB,CTATGACTTGAGCT,CATSVGGETQYF,1
SOC5T4_S60_L001_perRead,TCRB,ACTTCCCTATACCG,CASSQGQGASYEQYF,6
SOC5T4_S60_L001_perRead,TCRB,ACTTCCCTATACCG,CASSAAGTVDTGELFF,6
SOC5T4_S60_L001_perRead,TCRB,ACTTCCCTATACCG,CASSYSRGGFQETQYF,6
SOC5T4_S60_L001_perRead,TCRB,ACTTCCCTATACCG,CASSAIQGLEAFF,6
SOC5T4_S60_L001_perRead,TCRB,ACTTCCCTATACCG,CASSLAGGSGGNTIYF,6
SOC5T4_S60_L001_perRead,TCRB,ACTTCCCTATACCG,CASSLEGTPRDEQYF,6
SOC5T4_S60_L001_perRead,TCRB,GGACCCGACTAAGC,CASSAIQGLEAFF,2
SOC5T4_S60_L001_perRead,TCRB,GGACCCGACTAAGC,CASRPGGSAYGYTF,2
SOC5T4_S60_L001_perRead,TCRB,GACATTCTCCTACC,CSALAGGTYEQYF,2
SOC5T4_S60_L001_perRead,TCRB,GACATTCTCCTACC,CASSYEAGGLEQYF,2
SOC5T4_S60_L001_perRead,TCRB,AAGGCTACTCCTGC,CASSAAGTVDTGELFF,1
SOC5T4_S60_L001_perRead,TCRB,TAAGCGTGTGCTAG,CASSFGLRAGVGETQYF,1
SOC5T4_S60_L001_perRead,TCRA,GAGCGCACTGAACC,CALLTGGGNKLTF,1
SOC5T4_S60_L001_perRead,TCRB,GAGCGCACTGAACC,CASSLAGGSGGNTIYF,2
SOC5T4_S60_L001_perRead,TCRB,GAGCGCACTGAACC,CASSLPGILYSNQPQHF,2
SOC5T4_S60_L001_perRead,TCRB,TAAACAACTTGCAG,CASSPQSRSSSEQFF,7
SOC5T4_S60_L001_perRead,TCRB,TAAACAACTTGCAG,CSARKGYTF,7
SOC5T4_S60_L001_perRead,TCRB,TAAACAACTTGCAG,CSARFGGGSSNQPQHF,7
SOC5T4_S60_L001_perRead,TCRB,TAAACAACTTGCAG,CASSLGVDPRGTDTQYF,7
SOC5T4_S60_L001_perRead,TCRB,TAAACAACTTGCAG,CASSAIQGLEAFF,7
SOC5T4_S60_L001_perRead,TCRB,TAAACAACTTGCAG,CASSLGGNQPQHF,7
SOC5T4_S60_L001_perRead,TCRB,TAAACAACTTGCAG,CASSLAGTGVSTDTQYF,7
SOC5T4_S60_L001_perRead,TCRB,CACAGAACCTCTAT,CASSSRRWGGDGYTF,1
SOC5T4_S60_L001_perRead,TCRB,ATTGTAGACTGATG,CASSTGLYNEQFF,1
SOC5T4_S60_L001_perRead,TCRB,GGAACTACGTCAAC,CASSAIQGLEAFF,2
SOC5T4_S60_L001_perRead,TCRB,GGAACTACGTCAAC,CASSAAGTVDTGELFF,2
SOC5T4_S60_L001_perRead,TCRA,ATTGAATGTCCCGT,CAVQNQAGTALIF,1
SOC5T4_S60_L001_perRead,TCRB,ATTGAATGTCCCGT,CASSAAGTVDTGELFF,1
SOC5T4_S60_L001_perRead,TCRA,ATCCAGGATGTCTT,CAFMKHLNLGGWGNDMRF,1
SOC5T4_S60_L001_perRead,TCRB,ATCCAGGATGTCTT,CASSTGLYNEQFF,4
SOC5T4_S60_L001_perRead,TCRB,ATCCAGGATGTCTT,CASSLVRPEETQYF,4
SOC5T4_S60_L001_perRead,TCRB,ATCCAGGATGTCTT,CATSVGGETQYF,4
SOC5T4_S60_L001_perRead,TCRB,ATCCAGGATGTCTT,CASSAAGTVDTGELFF,4
SOC5T4_S60_L001_perRead,TCRB,CAAGGACTGGATCT,CASSLEGTPRDEQYF,1
SOC5T4_S60_L001_perRead,TCRA,CACTATACGAGACG,CAVDTGRRALTF,1
SOC5T4_S60_L001_perRead,TCRA,ACTACTACTGTTTC,CALSPSGTYKYIF,1
SOC5T4_S60_L001_perRead,TCRB,ACTACTACTGTTTC,CASSTGLYNEQFF,4
SOC5T4_S60_L001_perRead,TCRB,ACTACTACTGTTTC,CASSKRTSGRDNEQFF,4
SOC5T4_S60_L001_perRead,TCRB,ACTACTACTGTTTC,CASSLGGNQPQHF,4
SOC5T4_S60_L001_perRead,TCRB,ACTACTACTGTTTC,CASSAAGTVDTGELFF,4
SOC5T4_S60_L001_perRead,TCRB,AGCGGCTGCCGCTT,CASSFGDRVGYGYTF,1
SOC5T4_S60_L001_perRead,TCRB,GATATAACGTAAGA,CATSVGGETQYF,1
SOC5T4_S60_L001_perRead,TCRB,GTAAGCACAGTTCG,CASSLVAGIGGYTF,1
SOC5T4_S60_L001_perRead,TCRB,AGTAATTGACCTGA,CASRLDGTKETQYF,3
SOC5T4_S60_L001_perRead,TCRB,AGTAATTGACCTGA,CASSLVRPEETQYF,3
SOC5T4_S60_L001_perRead,TCRB,AGTAATTGACCTGA,CSALAGGTYEQYF,3
SOC5T4_S60_L001_perRead,TCRA,GTAGGTACTCCAAG,CVVTGSGNTGKLIF,1
SOC5T4_S60_L001_perRead,TCRB,GGACCCGATTCAGG,CASSPLRKEQYF,5
SOC5T4_S60_L001_perRead,TCRB,GGACCCGATTCAGG,CASRLDGTKETQYF,5
SOC5T4_S60_L001_perRead,TCRB,GGACCCGATTCAGG,CASSLVRPEETQYF,5
SOC5T4_S60_L001_perRead,TCRB,GGACCCGATTCAGG,CASSYEAGGLEQYF,5
SOC5T4_S60_L001_perRead,TCRB,GGACCCGATTCAGG,CASSAAGTVDTGELFF,5
SOC5T4_S60_L001_perRead,TCRA,AATGGCTGGGGACA,CAGQEPGTASKLTF,1
SOC5T4_S60_L001_perRead,TCRB,AATGGCTGGGGACA,CASSPLRKEQYF,5
SOC5T4_S60_L001_perRead,TCRB,AATGGCTGGGGACA,CSARDPARPTDTQYF,5
SOC5T4_S60_L001_perRead,TCRB,AATGGCTGGGGACA,CASSLVRPEETQYF,5
SOC5T4_S60_L001_perRead,TCRB,AATGGCTGGGGACA,CASSPDRAGANVLTF,5
SOC5T4_S60_L001_perRead,TCRB,AATGGCTGGGGACA,CASSAAGTVDTGELFF,5
SOC5T4_S60_L001_perRead,TCRB,CATTCCCTAAACGA,CASIESSEAFF,2
SOC5T4_S60_L001_perRead,TCRB,CATTCCCTAAACGA,CASSFGLAGNGELFF,2
SOC5T4_S60_L001_perRead,TCRB,GACGCTCTGCGGAA,CASSAIQGLEAFF,1
SOC5T4_S60_L001_perRead,TCRA,ATTGGTCTTGGTAC,CAMRGLLQGAQKLVF,1
SOC5T4_S60_L001_perRead,TCRB,ATTGGTCTTGGTAC,CASSAAGTVDTGELFF,1
SOC5T4_S60_L001_perRead,TCRB,TGTCAGGATAACGC,CASSSQGGNNEQFF,2
SOC5T4_S60_L001_perRead,TCRB,TGTCAGGATAACGC,CASSTGLYNEQFF,2
SOC5T4_S60_L001_perRead,TCRA,ATCCAGGATTGACG,CAVQNQAGTALIF,1
SOC5T4_S60_L001_perRead,TCRB,ATCCAGGATTGACG,CASSAAGTVDTGELFF,1
SOC5T4_S60_L001_perRead,TCRB,AATATCGAATCTTC,CASRLDGTKETQYF,5
SOC5T4_S60_L001_perRead,TCRB,AATATCGAATCTTC,CASSLVRPEETQYF,5
SOC5T4_S60_L001_perRead,TCRB,AATATCGAATCTTC,CSALAGGTYEQYF,5
SOC5T4_S60_L001_perRead,TCRB,AATATCGAATCTTC,CASSFGLRAGVGETQYF,5
SOC5T4_S60_L001_perRead,TCRB,AATATCGAATCTTC,CASSAAGTVDTGELFF,5
SOC5T4_S60_L001_perRead,TCRA,CTCTAAACGTCTGA,CAATSSGGYNKLIF,1
SOC5T4_S60_L001_perRead,TCRB,CTCTAAACGTCTGA,CASSPSDYSEQFF,3
SOC5T4_S60_L001_perRead,TCRB,CTCTAAACGTCTGA,CASSYEAGGLEQYF,3
SOC5T4_S60_L001_perRead,TCRB,CTCTAAACGTCTGA,CASSAAGTVDTGELFF,3
SOC5T4_S60_L001_perRead,TCRB,CATAGTCTGTTAGC,CSALAGGTYEQYF,1
SOC5T4_S60_L001_perRead,TCRB,TTGAGGTGCGTTAG,CASSAAGTVDTGELFF,1
SOC5T4_S60_L001_perRead,TCRB,ACCCGTACTGGTCA,CASSLGGNQPQHF,2
SOC5T4_S60_L001_perRead,TCRB,ACCCGTACTGGTCA,CASSAAGTVDTGELFF,2
SOC5T4_S60_L001_perRead,TCRA,TAATGAACGGTTAC,CAATSSGGYNKLIF,1
SOC5T4_S60_L001_perRead,TCRB,CAATATGACCGAAT,CASSYEAGGLEQYF,1
SOC5T4_S60_L001_perRead,TCRB,AACAGAGAGTGAGG,CASASGLAKNIQYF,1
SOC5T4_S60_L001_perRead,TCRB,CGAAGTACGACGTT,CASRPGGSAYGYTF,1
SOC5T4_S60_L001_perRead,TCRA,ATCGACGAGGGACA,CAASIGGSARQLTF,1
SOC5T4_S60_L001_perRead,TCRA,GACGTCCTCCAGTA,CAVRTGGSNYKLTF,2
SOC5T4_S60_L001_perRead,TCRA,GACGTCCTCCAGTA,CAVETFQYGNKLVF,2
SOC5T4_S60_L001_perRead,TCRB,GACGTCCTCCAGTA,CSATPGQGATSGRAGELFF,6
SOC5T4_S60_L001_perRead,TCRB,GACGTCCTCCAGTA,CASSPQSRSSSEQFF,6
SOC5T4_S60_L001_perRead,TCRB,GACGTCCTCCAGTA,CAGGLAGNEQFF,6
SOC5T4_S60_L001_perRead,TCRB,GACGTCCTCCAGTA,CSARKGYTF,6
SOC5T4_S60_L001_perRead,TCRB,GACGTCCTCCAGTA,CASSAIQGLEAFF,6
SOC5T4_S60_L001_perRead,TCRB,GACGTCCTCCAGTA,CASRPGGSAYGYTF,6
SOC5T4_S60_L001_perRead,TCRB,GCGCATCTAAGCAA,CASRPGGSAYGYTF,2
SOC5T4_S60_L001_perRead,TCRB,GCGCATCTAAGCAA,CASSLGGNQPQHF,2
SOC5T4_S60_L001_perRead,TCRB,TTCAAAGATTCCCG,CASSAIQGLEAFF,1
SOC5T4_S60_L001_perRead,TCRB,AGTTTAGAGGTGAG,CSALAGGTYEQYF,1
SOC5T4_S60_L001_perRead,TCRB,TCGCACTGATAAGG,CASRKEDFYEQYF,6
SOC5T4_S60_L001_perRead,TCRB,TCGCACTGATAAGG,CASSAAGTVDTGELFF,6
SOC5T4_S60_L001_perRead,TCRB,TCGCACTGATAAGG,CASSPLRKEQYF,6
SOC5T4_S60_L001_perRead,TCRB,TCGCACTGATAAGG,CASSLVRPEETQYF,6
SOC5T4_S60_L001_perRead,TCRB,TCGCACTGATAAGG,CASSPLARGNGYTF,6
SOC5T4_S60_L001_perRead,TCRB,TCGCACTGATAAGG,CASSSRRWGGDGYTF,6
SOC5T4_S60_L001_perRead,TCRB,AGTCAGACCTCGAA,CASSFGDRVGYGYTF,4
SOC5T4_S60_L001_perRead,TCRB,AGTCAGACCTCGAA,CASSAAGTVDTGELFF,4
SOC5T4_S60_L001_perRead,TCRB,AGTCAGACCTCGAA,CSVESSGRLYEQFF,4
SOC5T4_S60_L001_perRead,TCRB,AGTCAGACCTCGAA,CASSLGGNQPQHF,4
SOC5T4_S60_L001_perRead,TCRB,ATGATAACTTACTC,CASSFWVTGANTEAFF,1
SOC5T4_S60_L001_perRead,TCRB,ACGATGACCACTGA,CSETSEPNYGYTF,1
SOC5T4_S60_L001_perRead,TCRB,TATCCTGACTATGG,CASSPQSRSSSEQFF,2
SOC5T4_S60_L001_perRead,TCRB,TATCCTGACTATGG,CASSLGGNQPQHF,2
SOC5T4_S60_L001_perRead,TCRB,GGACGCACGTCCTC,CSVGLEWGSNVLTF,1
SOC5T4_S60_L001_perRead,TCRB,TGTTACACTGGTCA,CASSLVRPEETQYF,2
SOC5T4_S60_L001_perRead,TCRB,TGTTACACTGGTCA,CASSLAGGSGGNTIYF,2
SOC5T4_S60_L001_perRead,TCRB,AGCTCGCTCACACA,CSALAGGTYEQYF,1
SOC5T4_S60_L001_perRead,TCRB,ATGCCGCTATGTCG,CASSAAGTVDTGELFF,1
SOC5T4_S60_L001_perRead,TCRA,AGGGCCTGCTGCTC,CAVRTGGSNYKLTF,2
SOC5T4_S60_L001_perRead,TCRA,AGGGCCTGCTGCTC,CAETRPFNTGNQFYF,2
SOC5T4_S60_L001_perRead,TCRB,GCCTCATGCCAAGT,CASSLGVDPRGTDTQYF,2
SOC5T4_S60_L001_perRead,TCRB,GCCTCATGCCAAGT,CASSPQSRSSSEQFF,2
SOC5T4_S60_L001_perRead,TCRA,TCGCAAGACCCTCA,CAATSSGGYNKLIF,1
SOC5T4_S60_L001_perRead,TCRB,TCGCAAGACCCTCA,CASSPLRKEQYF,2
SOC5T4_S60_L001_perRead,TCRB,TCGCAAGACCCTCA,CVSRRLAVTDTQYF,2
SOC5T4_S60_L001_perRead,TCRB,ACGTTTACATCACG,CASSETGVKNIQYF,3
SOC5T4_S60_L001_perRead,TCRB,ACGTTTACATCACG,CASSFGDRVGYGYTF,3
SOC5T4_S60_L001_perRead,TCRB,ACGTTTACATCACG,CASSLRQESEAFF,3
SOC5T4_S60_L001_perRead,TCRB,ACGTCAGAAACAGA,CASSFWVTGANTEAFF,1
SOC5T4_S60_L001_perRead,TCRB,ATTCTTCTCGTGTA,CASSAIQGLEAFF,1
SOC5T4_S60_L001_perRead,TCRB,ATCATCTGTGTCTT,CSARAGGQGGPGELFF,2
SOC5T4_S60_L001_perRead,TCRB,ATCATCTGTGTCTT,CASSAAGTVDTGELFF,2
SOC5T4_S60_L001_perRead,TCRB,AATGGCTGCAACTG,CASRLDGTKETQYF,3
SOC5T4_S60_L001_perRead,TCRB,AATGGCTGCAACTG,CASSTGLYNEQFF,3
SOC5T4_S60_L001_perRead,TCRB,AATGGCTGCAACTG,CASSSSGTGGVETQYF,3
SOC5T4_S60_L001_perRead,TCRA,TAGGTGACGTGTAC,CAYRSAGGSEKLVF,1
SOC5T4_S60_L001_perRead,TCRB,CATTAGCTACTCAG,CSALAGGTYEQYF,2
SOC5T4_S60_L001_perRead,TCRB,CATTAGCTACTCAG,CASSFGLAGNGELFF,2
SOC5T4_S60_L001_perRead,TCRA,AACACGTGAGTAGA,CVVTGSGNTGKLIF,1
SOC5T4_S60_L001_perRead,TCRB,AACACGTGAGTAGA,CASSSRRWGGDGYTF,1
SOC5T4_S60_L001_perRead,TCRB,CCAGCGGAGCTAAC,CASRLDGTKETQYF,4
SOC5T4_S60_L001_perRead,TCRB,CCAGCGGAGCTAAC,CSVGLRPWGLNQPQHF,4
SOC5T4_S60_L001_perRead,TCRB,CCAGCGGAGCTAAC,CASSLGGNQPQHF,4
SOC5T4_S60_L001_perRead,TCRB,CCAGCGGAGCTAAC,CASSAAGTVDTGELFF,4
SOC5T4_S60_L001_perRead,TCRA,CACTGAGATCCTAT,CATDAGANSKLTF,1
SOC5T4_S60_L001_perRead,TCRB,CACTGAGATCCTAT,CSVDKDRDGYGYTF,2
SOC5T4_S60_L001_perRead,TCRB,CACTGAGATCCTAT,CSETSEPNYGYTF,2
SOC5T4_S60_L001_perRead,TCRA,TTCCCACTCCGTTC,CAGETGANNLFF,1
SOC5T4_S60_L001_perRead,TCRB,TTCCCACTCCGTTC,CATTGLYYGYTF,4
SOC5T4_S60_L001_perRead,TCRB,TTCCCACTCCGTTC,CASSFGLAGNGELFF,4
SOC5T4_S60_L001_perRead,TCRB,TTCCCACTCCGTTC,CASSLGGNQPQHF,4
SOC5T4_S60_L001_perRead,TCRB,TTCCCACTCCGTTC,CSETSEPNYGYTF,4
SOC5T4_S60_L001_perRead,TCRA,TTATTCCTTACTCT,CAMRGLLQGAQKLVF,1
SOC5T4_S60_L001_perRead,TCRB,TTATTCCTTACTCT,CSATGLAGHIPSYNEQFF,2
SOC5T4_S60_L001_perRead,TCRB,TTATTCCTTACTCT,CASSAAGTVDTGELFF,2
SOC5T4_S60_L001_perRead,TCRB,GCGCACGATATGCG,CASSLVRPEETQYF,1
SOC5T4_S60_L001_perRead,TCRB,AGACCTGAGCTAAC,CASSPRAPTGFTGYTF,2
SOC5T4_S60_L001_perRead,TCRB,AGACCTGAGCTAAC,CSAPTGRYIGSNQPQHF,2
SOC5T4_S60_L001_perRead,TCRB,CGGACCGACGCTAA,CASSLVRPEETQYF,5
SOC5T4_S60_L001_perRead,TCRB,CGGACCGACGCTAA,CSALAGGTYEQYF,5
SOC5T4_S60_L001_perRead,TCRB,CGGACCGACGCTAA,CASSPSDYSEQFF,5
SOC5T4_S60_L001_perRead,TCRB,CGGACCGACGCTAA,CATSVGGETQYF,5
SOC5T4_S60_L001_perRead,TCRB,CGGACCGACGCTAA,CASSAAGTVDTGELFF,5
SOC5T4_S60_L001_perRead,TCRB,TGTGAGACTGTTCT,CASSLVRPEETQYF,2
SOC5T4_S60_L001_perRead,TCRB,TGTGAGACTGTTCT,CASSLAGGSGGNTIYF,2
SOC5T4_S60_L001_perRead,TCRA,TAACGTCTACGTGT,CILRVTSHGSGNTGKLIF,2
SOC5T4_S60_L001_perRead,TCRA,TAACGTCTACGTGT,CAVRTGGSNYKLTF,2
SOC5T4_S60_L001_perRead,TCRB,TAACGTCTACGTGT,CASSTGLYNEQFF,4
SOC5T4_S60_L001_perRead,TCRB,TAACGTCTACGTGT,CASSLAGGSGGNTIYF,4
SOC5T4_S60_L001_perRead,TCRB,TAACGTCTACGTGT,CSARKGYTF,4
SOC5T4_S60_L001_perRead,TCRB,TAACGTCTACGTGT,CASSSRRWGGDGYTF,4
SOC5T4_S60_L001_perRead,TCRA,TAATGAACACAGCT,CALSAGTNAGKSTF,1
SOC5T4_S60_L001_perRead,TCRB,TAATGAACACAGCT,CASSLEGTPRDEQYF,4
SOC5T4_S60_L001_perRead,TCRB,TAATGAACACAGCT,CASRLDGTKETQYF,4
SOC5T4_S60_L001_perRead,TCRB,TAATGAACACAGCT,CASSLVRPEETQYF,4
SOC5T4_S60_L001_perRead,TCRB,TAATGAACACAGCT,CSALAGGTYEQYF,4
SOC5T4_S60_L001_perRead,TCRB,TACCGAGAGTAGGG,CASSDPLRDRGLNEQYF,3
SOC5T4_S60_L001_perRead,TCRB,TACCGAGAGTAGGG,CASSPRAPTGFTGYTF,3
SOC5T4_S60_L001_perRead,TCRB,TACCGAGAGTAGGG,CSAFSDADTQYF,3
SOC5T4_S60_L001_perRead,TCRB,AGGGACGAGAGAGC,CASSLGGNQPQHF,2
SOC5T4_S60_L001_perRead,TCRB,AGGGACGAGAGAGC,CSAGGQGKGDTEAFF,2
SOC5T4_S60_L001_perRead,TCRB,CAATTCTGCGCATA,CAWGGKTSGYSYEQYF,3
SOC5T4_S60_L001_perRead,TCRB,CAATTCTGCGCATA,CSAGGQGKGDTEAFF,3
SOC5T4_S60_L001_perRead,TCRB,CAATTCTGCGCATA,CAGGLAGNEQFF,3
SOC5T4_S60_L001_perRead,TCRB,ACATTCTGTTTCTG,CASSTGLYNEQFF,3
SOC5T4_S60_L001_perRead,TCRB,ACATTCTGTTTCTG,CASSLVRPEETQYF,3
SOC5T4_S60_L001_perRead,TCRB,ACATTCTGTTTCTG,CASSLGGNQPQHF,3
SOC5T4_S60_L001_perRead,TCRB,CCGGTACTGCAGAG,CASSYEAGGLEQYF,1
SOC5T4_S60_L001_perRead,TCRB,CAGAGGGATGCCTC,CASSAIQGLEAFF,2
SOC5T4_S60_L001_perRead,TCRB,CAGAGGGATGCCTC,CSALAGGTYEQYF,2
SOC5T4_S60_L001_perRead,TCRB,CCAAGAACGTCAAC,CASSAIQGLEAFF,2
SOC5T4_S60_L001_perRead,TCRB,CCAAGAACGTCAAC,CSALAGGTYEQYF,2
SOC5T4_S60_L001_perRead,TCRA,AGTTGTCTTTCAGG,CAMSQGAQKLVF,1
SOC5T4_S60_L001_perRead,TCRB,AGTTGTCTTTCAGG,CASSLVRPEETQYF,4
SOC5T4_S60_L001_perRead,TCRB,AGTTGTCTTTCAGG,CSALAGGTYEQYF,4
SOC5T4_S60_L001_perRead,TCRB,AGTTGTCTTTCAGG,CSAFSDADTQYF,4
SOC5T4_S60_L001_perRead,TCRB,AGTTGTCTTTCAGG,CSARVPLTGNEQFF,4
SOC5T4_S60_L001_perRead,TCRA,TCAGTGGATCCGTC,CAARSADHGSSNTGKLIF,1
SOC5T4_S60_L001_perRead,TCRB,TCAGTGGATCCGTC,CASSAAGTVDTGELFF,6
SOC5T4_S60_L001_perRead,TCRB,TCAGTGGATCCGTC,CASSPLRKEQYF,6
SOC5T4_S60_L001_perRead,TCRB,TCAGTGGATCCGTC,CASSTGLYNEQFF,6
SOC5T4_S60_L001_perRead,TCRB,TCAGTGGATCCGTC,CASSAIQGLEAFF,6
SOC5T4_S60_L001_perRead,TCRB,TCAGTGGATCCGTC,CASSYEAGGLEQYF,6
SOC5T4_S60_L001_perRead,TCRB,TCAGTGGATCCGTC,CASSLAGFGGTVYNEQFF,6
SOC5T4_S60_L001_perRead,TCRA,AGTCACGAGGTTCA,CAGANTNAGKSTF,1
SOC5T4_S60_L001_perRead,TCRB,TGCAAGTGTCCAAG,CASSAIQGLEAFF,1
SOC5T4_S60_L001_perRead,TCRB,TGCAAGACTTTGCT,CASSYREQFNEKLFF,1
SOC5T4_S60_L001_perRead,TCRA,CTACGCACGTACAC,CAVDTGRRALTF,1
SOC5T4_S60_L001_perRead,TCRB,CTACGCACGTACAC,CASSPDRAGANVLTF,7
SOC5T4_S60_L001_perRead,TCRB,CTACGCACGTACAC,CASSLGVDPRGTDTQYF,7
SOC5T4_S60_L001_perRead,TCRB,CTACGCACGTACAC,CASSPLRKEQYF,7
SOC5T4_S60_L001_perRead,TCRB,CTACGCACGTACAC,CASSLVRPEETQYF,7
SOC5T4_S60_L001_perRead,TCRB,CTACGCACGTACAC,CASSTGLYNEQFF,7
SOC5T4_S60_L001_perRead,TCRB,CTACGCACGTACAC,CASSYEAGGLEQYF,7
SOC5T4_S60_L001_perRead,TCRB,CTACGCACGTACAC,CASSFGLRAGVGETQYF,7
SOC5T4_S60_L001_perRead,TCRB,CCGGAGTGTCTATC,CSVEDGGPSYEQYF,1
SOC5T4_S60_L001_perRead,TCRA,AGTTCTTGAGAACA,CAAPRSGNTPLVF,1
SOC5T4_S60_L001_perRead,TCRB,AGTTCTTGAGAACA,CASSTGLYNEQFF,4
SOC5T4_S60_L001_perRead,TCRB,AGTTCTTGAGAACA,CSALAGGTYEQYF,4
SOC5T4_S60_L001_perRead,TCRB,AGTTCTTGAGAACA,CASSFGLAGNGELFF,4
SOC5T4_S60_L001_perRead,TCRB,AGTTCTTGAGAACA,CSVESSGRLYEQFF,4
SOC5T4_S60_L001_perRead,TCRB,GTGACCCTAATCGC,CASSAIQGLEAFF,4
SOC5T4_S60_L001_perRead,TCRB,GTGACCCTAATCGC,CASSYEAGGLEQYF,4
SOC5T4_S60_L001_perRead,TCRB,GTGACCCTAATCGC,CASSGGTSGRGTGELFF,4
SOC5T4_S60_L001_perRead,TCRB,GTGACCCTAATCGC,CASSAAGTVDTGELFF,4
SOC5T4_S60_L001_perRead,TCRB,CACATGGATGCGTA,CASSLGGNQPQHF,1
SOC5T4_S60_L001_perRead,TCRA,TTCGATTGAGAAGT,CAYRSAGGSEKLVF,2
SOC5T4_S60_L001_perRead,TCRA,TTCGATTGAGAAGT,CGTEIGGATNKLIF,2
SOC5T4_S60_L001_perRead,TCRB,ATAAACACAAGTAG,CSAFSDADTQYF,2
SOC5T4_S60_L001_perRead,TCRB,ATAAACACAAGTAG,CATSVGGETQYF,2
SOC5T4_S60_L001_perRead,TCRA,CACGACCTTATCGG,CAYRSRETSGSRLTF,2
SOC5T4_S60_L001_perRead,TCRA,CACGACCTTATCGG,CIVRVGTSGTYKYIF,2
SOC5T4_S60_L001_perRead,TCRB,CACGACCTTATCGG,CSAPPVSGLATNEQFF,4
SOC5T4_S60_L001_perRead,TCRB,CACGACCTTATCGG,CASSTGLYNEQFF,4
SOC5T4_S60_L001_perRead,TCRB,CACGACCTTATCGG,CSALAGGTYEQYF,4
SOC5T4_S60_L001_perRead,TCRB,CACGACCTTATCGG,CASSKRTSGRDNEQFF,4
SOC5T4_S60_L001_perRead,TCRB,CTAAACCTATACCG,CASSTGLYNEQFF,3
SOC5T4_S60_L001_perRead,TCRB,CTAAACCTATACCG,CSALAGGTYEQYF,3
SOC5T4_S60_L001_perRead,TCRB,CTAAACCTATACCG,CASSYEAGGLEQYF,3
SOC5T4_S60_L001_perRead,TCRA,ACTCTATGAGCGTT,CILKRGGGADGLTF,2
SOC5T4_S60_L001_perRead,TCRA,ACTCTATGAGCGTT,CAASRAFGGYQKVTF,2
SOC5T4_S60_L001_perRead,TCRA,GCTACGCTGGGATG,CAMSEDYGQNFVF,1
SOC5T4_S60_L001_perRead,TCRB,AGCGGCACGAGCTT,CASSAAGTVDTGELFF,6
SOC5T4_S60_L001_perRead,TCRB,AGCGGCACGAGCTT,CASSLVAGIGGYTF,6
SOC5T4_S60_L001_perRead,TCRB,AGCGGCACGAGCTT,CASSLVRPEETQYF,6
SOC5T4_S60_L001_perRead,TCRB,AGCGGCACGAGCTT,CASSAIQGLEAFF,6
SOC5T4_S60_L001_perRead,TCRB,AGCGGCACGAGCTT,CASSYEAGGLEQYF,6
SOC5T4_S60_L001_perRead,TCRB,AGCGGCACGAGCTT,CVSRRLAVTDTQYF,6
SOC5T4_S60_L001_perRead,TCRA,TGATACCTTCAGGT,CALNNAGNMLTF,1
SOC5T4_S60_L001_perRead,TCRB,GAGCTCCTCCATAG,CASSALGITYEQYF,2
SOC5T4_S60_L001_perRead,TCRB,GAGCTCCTCCATAG,CASSYEAGGLEQYF,2
SOC5T4_S60_L001_perRead,TCRB,CGAGCGTGCTAGTG,CASSSRRWGGDGYTF,1
SOC5T4_S60_L001_perRead,TCRB,GCAAACTGGAATGA,CASSTGLYNEQFF,2
SOC5T4_S60_L001_perRead,TCRB,GCAAACTGGAATGA,CASSPSDYSEQFF,2
SOC5T4_S60_L001_perRead,TCRB,ACACCAGAGTAGGG,CASSFGLAGNGELFF,1
SOC5T4_S60_L001_perRead,TCRA,GCCATGCTGTCGAT,CAGSSGGSYIPTF,1
SOC5T4_S60_L001_perRead,TCRB,TAATGATGACTTTC,CSVESSGRLYEQFF,1
SOC5T4_S60_L001_perRead,TCRA,GAGGTTACGTAGCT,CAGANTNAGKSTF,2
SOC5T4_S60_L001_perRead,TCRA,GAGGTTACGTAGCT,CAATSSGGYNKLIF,2
SOC5T4_S60_L001_perRead,TCRB,GAGGTTACGTAGCT,CASSLVRPEETQYF,2
SOC5T4_S60_L001_perRead,TCRB,GAGGTTACGTAGCT,CASSYEAGGLEQYF,2
SOC5T4_S60_L001_perRead,TCRA,ACGTAGACCTCGAA,CAVQNQAGTALIF,1
SOC5T4_S60_L001_perRead,TCRB,ACGTAGACCTCGAA,CASSAAGTVDTGELFF,1
SOC5T4_S60_L001_perRead,TCRB,TAAGGCTGTAAGCC,CSAFSDADTQYF,1
SOC5T4_S60_L001_perRead,TCRA,AATAACACATCGAC,CILTTPRGANSKLTF,1
SOC5T4_S60_L001_perRead,TCRB,AGGAGTCTCGTGAT,CSALAGGTYEQYF,1
SOC5T4_S60_L001_perRead,TCRA,CGACCACTATGCTG,CAARPDTGRRALTF,1
SOC5T4_S60_L001_perRead,TCRA,ATCTTTCTGAAACA,CAMRGLLQGAQKLVF,1
SOC5T4_S60_L001_perRead,TCRB,ATCTTTCTGAAACA,CASSAIQGLEAFF,1
SOC5T4_S60_L001_perRead,TCRA,GTTAGTCTAGACTC,CVVRVQAGTALIF,2
SOC5T4_S60_L001_perRead,TCRA,GTTAGTCTAGACTC,CAATSSGGYNKLIF,2
SOC5T4_S60_L001_perRead,TCRB,GTTAGTCTAGACTC,CASSYEAGGLEQYF,1
SOC5T4_S60_L001_perRead,TCRB,TTTGCATGGGGACA,CASSSRLGSPAGNTIYF,1
SOC5T4_S60_L001_perRead,TCRB,CAACGTGAACCATG,CVSRRLAVTDTQYF,1
SOC5T4_S60_L001_perRead,TCRA,CTTGATTGGAGGCA,CAVRGGNTGFQKLVF,1
SOC5T4_S60_L001_perRead,TCRB,CTTGAGGAGGATCT,CSASFRDRGHEQYF,1
SOC5T4_S60_L001_perRead,TCRA,TAGCCGCTTTCGTT,CALSPSGTYKYIF,1
SOC5T4_S60_L001_perRead,TCRA,CGAGGAGATGTCGA,CAVSGGSQGNLIF,1
SOC5T4_S60_L001_perRead,TCRA,TGACTTACACACAC,CAVQNQAGTALIF,1
SOC5T4_S60_L001_perRead,TCRB,GCGACTCTTCTAGG,CASSAAGTVDTGELFF,1
SOC5T4_S60_L001_perRead,TCRB,GAGCTCCTCTATGG,CSARDPARPTDTQYF,1
SOC5T4_S60_L001_perRead,TCRB,TCATCAACGGTATC,CSAFSDADTQYF,1
SOC5T4_S60_L001_perRead,TCRB,ACGGTATGAGCGGA,CASSPPGSSGSTDTQYF,1
SOC5T4_S60_L001_perRead,TCRB,ATCGAGTGGTATCG,CASSSRRWGGDGYTF,1
SOC5T4_S60_L001_perRead,TCRB,TCTAACACCCACCT,CASSLAGGSGGNTIYF,1
SOC5T4_S60_L001_perRead,TCRA,TCCACTCTATCTTC,CAAQKTSYDKVIF,2
SOC5T4_S60_L001_perRead,TCRA,TCCACTCTATCTTC,CAASRAFGGYQKVTF,2
SOC5T4_S60_L001_perRead,TCRB,TCCACTCTATCTTC,CASSTGLYNEQFF,5
SOC5T4_S60_L001_perRead,TCRB,TCCACTCTATCTTC,CASSQGQGASYEQYF,5
SOC5T4_S60_L001_perRead,TCRB,TCCACTCTATCTTC,CASSAIQGLEAFF,5
SOC5T4_S60_L001_perRead,TCRB,TCCACTCTATCTTC,CASSYEAGGLEQYF,5
SOC5T4_S60_L001_perRead,TCRB,TCCACTCTATCTTC,CSALAGGTYEQYF,5
SOC5T4_S60_L001_perRead,TCRB,GGAGAGACCGATAC,CASSSDATGNNSPLHF,2
SOC5T4_S60_L001_perRead,TCRB,GGAGAGACCGATAC,CASSLEGTPRDEQYF,2
SOC5T4_S60_L001_perRead,TCRA,AGACTTCTGCCTTC,CAGSSGGSYIPTF,1
SOC5T4_S60_L001_perRead,TCRB,CGCAACCTATGCTG,CASSYEAGGLEQYF,3
SOC5T4_S60_L001_perRead,TCRB,CGCAACCTATGCTG,CSAHHRRGDLQETQYF,3
SOC5T4_S60_L001_perRead,TCRB,CGCAACCTATGCTG,CSATGNTEAFF,3
SOC5T4_S60_L001_perRead,TCRB,GCTATACTCCAACA,CASSFGDRVGYGYTF,2
SOC5T4_S60_L001_perRead,TCRB,GCTATACTCCAACA,CASSYEAGGLEQYF,2
SOC5T4_S60_L001_perRead,TCRA,TGACCGCTCGCTAA,CAEKQNYGQNFVF,1
SOC5T4_S60_L001_perRead,TCRB,TGACCGCTCGCTAA,CSAKTRDNEQFF,8
SOC5T4_S60_L001_perRead,TCRB,TGACCGCTCGCTAA,CASSPDRAGANVLTF,8
SOC5T4_S60_L001_perRead,TCRB,TGACCGCTCGCTAA,CASSLVAGIGGYTF,8
SOC5T4_S60_L001_perRead,TCRB,TGACCGCTCGCTAA,CASSYSPPSSGTFTGELFF,8
SOC5T4_S60_L001_perRead,TCRB,TGACCGCTCGCTAA,CSALAGGTYEQYF,8
SOC5T4_S60_L001_perRead,TCRB,TGACCGCTCGCTAA,CASSYEAGGLEQYF,8
SOC5T4_S60_L001_perRead,TCRB,TGACCGCTCGCTAA,CASSLAGGSGGNTIYF,8
SOC5T4_S60_L001_perRead,TCRB,TGACCGCTCGCTAA,CASSFGLAGNGELFF,8
SOC5T4_S60_L001_perRead,TCRA,ATTAGATGGAGAGC,CAEKQNYGQNFVF,2
SOC5T4_S60_L001_perRead,TCRA,ATTAGATGGAGAGC,CGTEIGGATNKLIF,2
SOC5T4_S60_L001_perRead,TCRA,GAGAAATGTTTCAC,CAGAPGNQFYF,1
SOC5T4_S60_L001_perRead,TCRB,GTGATCGATGTCAG,CASSLAGGSGGNTIYF,1
SOC5T4_S60_L001_perRead,TCRA,GAAACCTGACCTCC,CAVQNQAGTALIF,1
SOC5T4_S60_L001_perRead,TCRB,GAAACCTGACCTCC,CASSAAGTVDTGELFF,1
SOC5T4_S60_L001_perRead,TCRB,AGTGTTCTAAGCCT,CASSYREQFNEKLFF,1
SOC5T4_S60_L001_perRead,TCRB,GTGATGACCTCGCT,CVSRRLAVTDTQYF,3
SOC5T4_S60_L001_perRead,TCRB,GTGATGACCTCGCT,CASSLVRPEETQYF,3
SOC5T4_S60_L001_perRead,TCRB,GTGATGACCTCGCT,CASSYEAGGLEQYF,3
SOC5T4_S60_L001_perRead,TCRB,CAACGTGATCACGA,CASSFGDRVGYGYTF,1
SOC5T4_S60_L001_perRead,TCRB,ATAATCGATCCCGT,CASSLAGGSGGNTIYF,1
SOC5T4_S60_L001_perRead,TCRA,TTAGGTCTCGAATC,CIVRAPFRDDKIIF,1
SOC5T4_S60_L001_perRead,TCRB,TTAGGTCTCGAATC,CASSYREQFNEKLFF,2
SOC5T4_S60_L001_perRead,TCRB,TTAGGTCTCGAATC,CASSAIQGLEAFF,2
SOC5T4_S60_L001_perRead,TCRB,AGCGTAACCAAGCT,CSALAGGTYEQYF,1
SOC5T4_S60_L001_perRead,TCRB,GCTAGAACCCAACA,CSALAGGTYEQYF,2
SOC5T4_S60_L001_perRead,TCRB,GCTAGAACCCAACA,CASSKRTSGRDNEQFF,2
SOC5T4_S60_L001_perRead,TCRB,AGAGCTACCCTCCA,CSARPPTGPANYGYTF,1
SOC5T4_S60_L001_perRead,TCRB,CCAGCACTCCCGTT,CASSAAGTVDTGELFF,1
SOC5T4_S60_L001_perRead,TCRB,CGGGCATGTGCCCT,CASSFGDRVGYGYTF,1
SOC5T4_S60_L001_perRead,TCRB,TGTCTAACGTCTAG,CASSFGDRVGYGYTF,3
SOC5T4_S60_L001_perRead,TCRB,TGTCTAACGTCTAG,CSARPTDRVEETQYF,3
SOC5T4_S60_L001_perRead,TCRB,TGTCTAACGTCTAG,CASSSRLGSPAGNTIYF,3
SOC5T4_S60_L001_perRead,TCRB,ACACGAACGAACTC,CSARDPARPTDTQYF,1
SOC5T4_S60_L001_perRead,TCRA,CTCAGCTGGACTAC,CAASTGSSNTGKLIF,2
SOC5T4_S60_L001_perRead,TCRA,CTCAGCTGGACTAC,CAARPDTGRRALTF,2
SOC5T4_S60_L001_perRead,TCRB,CTCAGCTGGACTAC,CASSPDRAGANVLTF,8
SOC5T4_S60_L001_perRead,TCRB,CTCAGCTGGACTAC,CASSAAGTVDTGELFF,8
SOC5T4_S60_L001_perRead,TCRB,CTCAGCTGGACTAC,CASSFGDRVGYGYTF,8
SOC5T4_S60_L001_perRead,TCRB,CTCAGCTGGACTAC,CASSDPLRDRGLNEQYF,8
SOC5T4_S60_L001_perRead,TCRB,CTCAGCTGGACTAC,CASSLGVDPRGTDTQYF,8
SOC5T4_S60_L001_perRead,TCRB,CTCAGCTGGACTAC,CASSYEAGGLEQYF,8
SOC5T4_S60_L001_perRead,TCRB,CTCAGCTGGACTAC,CASSPPRKLVANEQFF,8
SOC5T4_S60_L001_perRead,TCRB,CTCAGCTGGACTAC,CASSYREQFNEKLFF,8
SOC5T4_S60_L001_perRead,TCRB,ACGGCTCTTGGGAG,CASSHRPDRSGYTF,1
SOC5T4_S60_L001_perRead,TCRB,TACGCGCTCCTCAC,CASSLGVDPRGTDTQYF,2
SOC5T4_S60_L001_perRead,TCRB,TACGCGCTCCTCAC,CASSLVRPEETQYF,2
SOC5T4_S60_L001_perRead,TCRB,TGGATGACGCGGAA,CATSVGGETQYF,1
SOC5T4_S60_L001_perRead,TCRA,GTTGATCTGGTGGA,CAVKRGSTLGRLYF,1
SOC5T4_S60_L001_perRead,TCRB,GGTACAACAAAGTG,CSASPGGGSNYEQYF,2
SOC5T4_S60_L001_perRead,TCRB,GGTACAACAAAGTG,CASSAAGTVDTGELFF,2
SOC5T4_S60_L001_perRead,TCRB,TGAAGCTGCATACG,CASSDRQHIFNYGYTF,1
SOC5T4_S60_L001_perRead,TCRB,GGGACCACTTTCTG,CASSPLRKEQYF,2
SOC5T4_S60_L001_perRead,TCRB,GGGACCACTTTCTG,CSARPTDRVEETQYF,2
SOC5T4_S60_L001_perRead,TCRA,CACTGCTGAGCACT,CAMRGLLQGAQKLVF,1
SOC5T4_S60_L001_perRead,TCRB,CACTGCTGAGCACT,CASSETGVKNIQYF,5
SOC5T4_S60_L001_perRead,TCRB,CACTGCTGAGCACT,CASSDPLRDRGLNEQYF,5
SOC5T4_S60_L001_perRead,TCRB,CACTGCTGAGCACT,CSALAGGTYEQYF,5
SOC5T4_S60_L001_perRead,TCRB,CACTGCTGAGCACT,CASSPSDYSEQFF,5
SOC5T4_S60_L001_perRead,TCRB,CACTGCTGAGCACT,CASSAAGTVDTGELFF,5
SOC5T4_S60_L001_perRead,TCRB,CGAGCCGATGGCAT,CASSSQGGNNEQFF,1
SOC5T4_S60_L001_perRead,TCRB,AACGTGTGGTCTTT,CASSFGDRVGYGYTF,1
SOC5T4_S60_L001_perRead,TCRA,CGAGGGCTGGGAGT,CAGAPGNQFYF,1
SOC5T4_S60_L001_perRead,TCRB,CGAGGGCTGGGAGT,CAIREARGHSDTQYF,4
SOC5T4_S60_L001_perRead,TCRB,CGAGGGCTGGGAGT,CASSTGLYNEQFF,4
SOC5T4_S60_L001_perRead,TCRB,CGAGGGCTGGGAGT,CASSPSDYSEQFF,4
SOC5T4_S60_L001_perRead,TCRB,CGAGGGCTGGGAGT,CASSSSGSGNSGCVSNQPQHF,4
SOC5T4_S60_L001_perRead,TCRA,GTAGCAACTTGCTT,CAVQNQAGTALIF,2
SOC5T4_S60_L001_perRead,TCRA,GTAGCAACTTGCTT,CIAANDYKLSF,2
SOC5T4_S60_L001_perRead,TCRB,GTAGCAACTTGCTT,CASRLDGTKETQYF,3
SOC5T4_S60_L001_perRead,TCRB,GTAGCAACTTGCTT,CASSFSNSPLHF,3
SOC5T4_S60_L001_perRead,TCRB,GTAGCAACTTGCTT,CSATGNTEAFF,3
SOC5T4_S60_L001_perRead,TCRA,AGCTTTACGGAGCA,CAVQNQAGTALIF,1
SOC5T4_S60_L001_perRead,TCRB,AGCTTTACGGAGCA,CASSAAGTVDTGELFF,1
SOC5T4_S60_L001_perRead,TCRB,TAAAGTTGGCGAGA,CASSTGLYNEQFF,4
SOC5T4_S60_L001_perRead,TCRB,TAAAGTTGGCGAGA,CSALAGGTYEQYF,4
SOC5T4_S60_L001_perRead,TCRB,TAAAGTTGGCGAGA,CASSPDRAGANVLTF,4
SOC5T4_S60_L001_perRead,TCRB,TAAAGTTGGCGAGA,CASSAAGTVDTGELFF,4
SOC5T4_S60_L001_perRead,TCRA,GAGGGATGGAGATA,CALSPSGTYKYIF,1
SOC5T4_S60_L001_perRead,TCRB,TCGACGCTCTACGA,CASSTGLYNEQFF,3
SOC5T4_S60_L001_perRead,TCRB,TCGACGCTCTACGA,CASSYEAGGLEQYF,3
SOC5T4_S60_L001_perRead,TCRB,TCGACGCTCTACGA,CASSLGGNQPQHF,3
SOC5T4_S60_L001_perRead,TCRB,TAACTAGAACGGAG,CSVESSGRLYEQFF,1
SOC5T4_S60_L001_perRead,TCRB,TGTAACCTTATCGG,CSALAGGTYEQYF,1
SOC5T4_S60_L001_perRead,TCRA,GACTGTGAACGTTG,CAGANTNAGKSTF,1
SOC5T4_S60_L001_perRead,TCRB,AGGCAGGACTCAGA,CSVESSGRLYEQFF,3
SOC5T4_S60_L001_perRead,TCRB,AGGCAGGACTCAGA,CASSPDRAGANVLTF,3
SOC5T4_S60_L001_perRead,TCRB,AGGCAGGACTCAGA,CASSAAGTVDTGELFF,3
SOC5T4_S60_L001_perRead,TCRA,GAGCAACTTATCTC,CAVQNQAGTALIF,1
SOC5T4_S60_L001_perRead,TCRB,GAGCAACTTATCTC,CSATPGQGATSGRAGELFF,1
SOC5T4_S60_L001_perRead,TCRB,ACGTTTACTAACCG,CASCLLAESYNEQFF,1
SOC5T4_S60_L001_perRead,TCRB,GTACGAACAACAGA,CASRLDGTKETQYF,1
SOC5T4_S60_L001_perRead,TCRB,TACTACTGACTCAG,CASSAAGTVDTGELFF,5
SOC5T4_S60_L001_perRead,TCRB,TACTACTGACTCAG,CASSLAGGSGGNTIYF,5
SOC5T4_S60_L001_perRead,TCRB,TACTACTGACTCAG,CSALAGGTYEQYF,5
SOC5T4_S60_L001_perRead,TCRB,TACTACTGACTCAG,CASSYEAGGLEQYF,5
SOC5T4_S60_L001_perRead,TCRB,TACTACTGACTCAG,CASSTGLYNEQFF,5
SOC5T4_S60_L001_perRead,TCRA,TCTAGTTGAGTTCG,CALGVGTASKLTF,1
SOC5T4_S60_L001_perRead,TCRB,TCTAGTTGAGTTCG,CASSAAGTVDTGELFF,8
SOC5T4_S60_L001_perRead,TCRB,TCTAGTTGAGTTCG,CSVEDLIGGTQYF,8
SOC5T4_S60_L001_perRead,TCRB,TCTAGTTGAGTTCG,CSALAGGTYEQYF,8
SOC5T4_S60_L001_perRead,TCRB,TCTAGTTGAGTTCG,CASSTGLYNEQFF,8
SOC5T4_S60_L001_perRead,TCRB,TCTAGTTGAGTTCG,CASSQGQGASYEQYF,8
SOC5T4_S60_L001_perRead,TCRB,TCTAGTTGAGTTCG,CATTGLYYGYTF,8
SOC5T4_S60_L001_perRead,TCRB,TCTAGTTGAGTTCG,CSALGVSGSLNEQYF,8
SOC5T4_S60_L001_perRead,TCRB,TCTAGTTGAGTTCG,CASSPLARGNGYTF,8
SOC5T4_S60_L001_perRead,TCRA,TAACTCACTTGCAG,CALRGTNTGNQFYF,1
SOC5T4_S60_L001_perRead,TCRB,TAACTCACTTGCAG,CASSFGDRVGYGYTF,5
SOC5T4_S60_L001_perRead,TCRB,TAACTCACTTGCAG,CSAPPVSGLATNEQFF,5
SOC5T4_S60_L001_perRead,TCRB,TAACTCACTTGCAG,CATTGLYYGYTF,5
SOC5T4_S60_L001_perRead,TCRB,TAACTCACTTGCAG,CASSSSGTGGVETQYF,5
SOC5T4_S60_L001_perRead,TCRB,TAACTCACTTGCAG,CASSSRRWGGDGYTF,5
SOC5T4_S60_L001_perRead,TCRB,TCACCTCTGGTCAT,CASSFGDRVGYGYTF,3
SOC5T4_S60_L001_perRead,TCRB,TCACCTCTGGTCAT,CASSSDSRTEFYNEQFF,3
SOC5T4_S60_L001_perRead,TCRB,TCACCTCTGGTCAT,CSALAGGTYEQYF,3
SOC5T4_S60_L001_perRead,TCRB,CAGCAATGGGGTGA,CASSAAGTVDTGELFF,1
SOC5T4_S60_L001_perRead,TCRA,GGATGTACACTCTT,CAGAPGNQFYF,1
SOC5T4_S60_L001_perRead,TCRB,AAATCATGCTTGCC,CASSLGGNQPQHF,1
SOC5T4_S60_L001_perRead,TCRA,AGCTTTACAAAACG,CAETLSNSGYALNF,1
SOC5T4_S60_L001_perRead,TCRB,AGCTTTACAAAACG,CASSLGGNQPQHF,1
SOC5T4_S60_L001_perRead,TCRB,CAAAGCTGGAACCT,CASSLGGNQPQHF,1
SOC5T4_S60_L001_perRead,TCRB,AGTTTCACTGCATG,CASSTGLYNEQFF,2
SOC5T4_S60_L001_perRead,TCRB,AGTTTCACTGCATG,CASSAAGTVDTGELFF,2
SOC5T4_S60_L001_perRead,TCRB,TCCAGAGACTGAGT,CASSETGVKNIQYF,2
SOC5T4_S60_L001_perRead,TCRB,TCCAGAGACTGAGT,CASSYEAGGLEQYF,2
SOC5T4_S60_L001_perRead,TCRB,GCATGTGATCTAGG,CASSAIQGLEAFF,1
SOC5T4_S60_L001_perRead,TCRB,ATTTCCGATAGCGT,CASSPLRKEQYF,3
SOC5T4_S60_L001_perRead,TCRB,ATTTCCGATAGCGT,CASSLVRPEETQYF,3
SOC5T4_S60_L001_perRead,TCRB,ATTTCCGATAGCGT,CSALAGGTYEQYF,3
SOC5T4_S60_L001_perRead,TCRB,ACAGGTACGCTCCT,CASSLVRPEETQYF,1
SOC5T4_S60_L001_perRead,TCRB,CAATATGACCAACA,CSASFRDRGHEQYF,1
SOC5T4_S60_L001_perRead,TCRB,AGTAGGCTCCATAG,CSAKTRDNEQFF,1
SOC5T4_S60_L001_perRead,TCRB,TTTAGCTGCATGGT,CASSTGLYNEQFF,1
SOC5T4_S60_L001_perRead,TCRB,AGTATCCTCTAGTG,CASSAAGTVDTGELFF,1
SOC5T4_S60_L001_perRead,TCRA,TGCCAGCTAGTCTG,CAVGGRNFNKFYF,1
SOC5T4_S60_L001_perRead,TCRB,TGCCAGCTAGTCTG,CASSSPTSGIVSSYEQYF,4
SOC5T4_S60_L001_perRead,TCRB,TGCCAGCTAGTCTG,CASSAIQGLEAFF,4
SOC5T4_S60_L001_perRead,TCRB,TGCCAGCTAGTCTG,CASSFGLRAGVGETQYF,4
SOC5T4_S60_L001_perRead,TCRB,TGCCAGCTAGTCTG,CASSAAGTVDTGELFF,4
SOC5T4_S60_L001_perRead,TCRA,TTGTACACCTATGG,CALNNAGNMLTF,1
SOC5T4_S60_L001_perRead,TCRB,TTGTACACCTATGG,CASSAAGTVDTGELFF,12
SOC5T4_S60_L001_perRead,TCRB,TTGTACACCTATGG,CASSSPTSGIVSSYEQYF,12
SOC5T4_S60_L001_perRead,TCRB,TTGTACACCTATGG,CSVEGAGRIGYTF,12
SOC5T4_S60_L001_perRead,TCRB,TTGTACACCTATGG,CSALAGGTYEQYF,12
SOC5T4_S60_L001_perRead,TCRB,TTGTACACCTATGG,CSARKGYTF,12
SOC5T4_S60_L001_perRead,TCRB,TTGTACACCTATGG,CASSTGLYNEQFF,12
SOC5T4_S60_L001_perRead,TCRB,TTGTACACCTATGG,CASSAIQGLEAFF,12
SOC5T4_S60_L001_perRead,TCRB,TTGTACACCTATGG,CASSLGGNQPQHF,12
SOC5T4_S60_L001_perRead,TCRB,TTGTACACCTATGG,CSETSEPNYGYTF,12
SOC5T4_S60_L001_perRead,TCRB,TTGTACACCTATGG,CASTRMGGGAFGANVLTF,12
SOC5T4_S60_L001_perRead,TCRB,TTGTACACCTATGG,CASSFGASLWDTQYF,12
SOC5T4_S60_L001_perRead,TCRB,TTGTACACCTATGG,CASSPLARGNGYTF,12
SOC5T4_S60_L001_perRead,TCRB,GGAACTTGGTCGTA,CASSTGLYNEQFF,4
SOC5T4_S60_L001_perRead,TCRB,GGAACTTGGTCGTA,CASSAIQGLEAFF,4
SOC5T4_S60_L001_perRead,TCRB,GGAACTTGGTCGTA,CASSPREGTLEAFF,4
SOC5T4_S60_L001_perRead,TCRB,GGAACTTGGTCGTA,CASSSGNRENTEAFF,4
SOC5T4_S60_L001_perRead,TCRB,CATAGTCTCTATTC,CASSLVRPEETQYF,1
SOC5T4_S60_L001_perRead,TCRB,GGGACCTGTTGCAG,CASNPTGADEQYF,1
SOC5T4_S60_L001_perRead,TCRA,AGTGTGACGCATCA,CAATSSGGYNKLIF,1
SOC5T4_S60_L001_perRead,TCRB,AGACTCGACTCCAC,CASSLVAGIGGYTF,3
SOC5T4_S60_L001_perRead,TCRB,AGACTCGACTCCAC,CATTGLYYGYTF,3
SOC5T4_S60_L001_perRead,TCRB,AGACTCGACTCCAC,CASSDRQHIFNYGYTF,3
SOC5T4_S60_L001_perRead,TCRB,GATCTACTGCTCCT,CASSPPRKLVANEQFF,2
SOC5T4_S60_L001_perRead,TCRB,GATCTACTGCTCCT,CASSPDRAGANVLTF,2
SOC5T4_S60_L001_perRead,TCRA,TAAAGACTACCACA,CAYRGATSGTYKYIF,1
SOC5T4_S60_L001_perRead,TCRA,ACAATTGAGGAAGC,CAAKDSGTYKYIF,1
SOC5T4_S60_L001_perRead,TCRB,ACAATTGAGGAAGC,CASSSSGTSPAGELFF,2
SOC5T4_S60_L001_perRead,TCRB,ACAATTGAGGAAGC,CAGGLAGNEQFF,2
SOC5T4_S60_L001_perRead,TCRB,AGAAAGTGATTTCC,CASSLVRPEETQYF,3
SOC5T4_S60_L001_perRead,TCRB,AGAAAGTGATTTCC,CSALAGGTYEQYF,3
SOC5T4_S60_L001_perRead,TCRB,AGAAAGTGATTTCC,CASSAAGTVDTGELFF,3
SOC5T4_S60_L001_perRead,TCRB,GAGATAGAAGTACC,CSALAGGTYEQYF,1
SOC5T4_S60_L001_perRead,TCRA,ATTTAGGACTTGTT,CALSPSGTYKYIF,1
SOC5T4_S60_L001_perRead,TCRB,ATTTAGGACTTGTT,CASSFGDRVGYGYTF,3
SOC5T4_S60_L001_perRead,TCRB,ATTTAGGACTTGTT,CASSTGLYNEQFF,3
SOC5T4_S60_L001_perRead,TCRB,ATTTAGGACTTGTT,CASSPLRKEQYF,3
SOC5T4_S60_L001_perRead,TCRB,GCTGATGACTAGCA,CASSYEAGGLEQYF,1
SOC5T4_S60_L001_perRead,TCRB,CATGCGCTAACGAA,CASSKTARNTIYF,1
SOC5T4_S60_L001_perRead,TCRB,CGTTAGGAGATACC,CASSLVRPEETQYF,2
SOC5T4_S60_L001_perRead,TCRB,CGTTAGGAGATACC,CASSRTGESGEAFF,2
SOC5T4_S60_L001_perRead,TCRA,CTGAACGACTTCTA,CATDEGAAGNKLTF,1
SOC5T4_S60_L001_perRead,TCRB,CTGAACGACTTCTA,CASSFSNSPLHF,3
SOC5T4_S60_L001_perRead,TCRB,CTGAACGACTTCTA,CASSLVRPEETQYF,3
SOC5T4_S60_L001_perRead,TCRB,CTGAACGACTTCTA,CSETSEPNYGYTF,3
SOC5T4_S60_L001_perRead,TCRA,TACAAATGAAAGTG,CAGSSGGSYIPTF,2
SOC5T4_S60_L001_perRead,TCRA,TACAAATGAAAGTG,CIVYKNTGNQFYF,2
SOC5T4_S60_L001_perRead,TCRB,CCCAGACTAGCTAC,CASSLGVDPRGTDTQYF,3
SOC5T4_S60_L001_perRead,TCRB,CCCAGACTAGCTAC,CSALAGGTYEQYF,3
SOC5T4_S60_L001_perRead,TCRB,CCCAGACTAGCTAC,CASSYEAGGLEQYF,3
SOC5T4_S60_L001_perRead,TCRA,ACGCAATGTCAGTG,CAERGRSNTGKLIF,1
SOC5T4_S60_L001_perRead,TCRA,AGAGAAACCCGTTC,CAAQKTSYDKVIF,2
SOC5T4_S60_L001_perRead,TCRA,AGAGAAACCCGTTC,CALSEAGYGGATNKLIF,2
SOC5T4_S60_L001_perRead,TCRA,ACCAGCCTGAATGA,CAETGYGGSQGNLIF,2
SOC5T4_S60_L001_perRead,TCRA,ACCAGCCTGAATGA,CAGANTNAGKSTF,2
SOC5T4_S60_L001_perRead,TCRA,CTTCTAGACCTTCG,CAASTGSSNTGKLIF,1
SOC5T4_S60_L001_perRead,TCRB,ATGAAGGACGAGAG,CASSSPTSGIVSSYEQYF,1
SOC5T4_S60_L001_perRead,TCRB,TAAGAGGAGAACTC,CASSLGGNQPQHF,1
SOC5T4_S60_L001_perRead,TCRB,TATCGACTGTCTGA,CASSAAGTVDTGELFF,1
SOC5T4_S60_L001_perRead,TCRB,CCTGACTGCAGTTG,CASRPGGSAYGYTF,1
SOC5T4_S60_L001_perRead,TCRB,GCTAGATGTCTACT,CASSLEGTPRDEQYF,2
SOC5T4_S60_L001_perRead,TCRB,GCTAGATGTCTACT,CSVGLEWGSNVLTF,2
SOC5T4_S60_L001_perRead,TCRB,ATCGCAGAAAGCCT,CSVESSGRLYEQFF,1
SOC5T4_S60_L001_perRead,TCRA,ACGGTAACCCTACC,CAVSGGSQGNLIF,1
SOC5T4_S60_L001_perRead,TCRA,TAATGCCTGGAGGT,CAMRGLLQGAQKLVF,1
SOC5T4_S60_L001_perRead,TCRB,TAATGCCTGGAGGT,CASSSPTSGIVSSYEQYF,1
SOC5T4_S60_L001_perRead,TCRA,CAACCAGAAGCCTA,CAVRTGGSNYKLTF,1
SOC5T4_S60_L001_perRead,TCRB,CAACCAGAAGCCTA,CASSLRQESEAFF,1
SOC5T4_S60_L001_perRead,TCRB,GCGAGCACATGTCG,CSATPGQGATSGRAGELFF,2
SOC5T4_S60_L001_perRead,TCRB,GCGAGCACATGTCG,CASSYEAGGLEQYF,2
SOC5T4_S60_L001_perRead,TCRA,ATTCTGACTGCCTC,CAATSSGGYNKLIF,2
SOC5T4_S60_L001_perRead,TCRA,ATTCTGACTGCCTC,CADIDDDSWGKLQF,2
SOC5T4_S60_L001_perRead,TCRB,AGGCAACTCTTCCG,CASSPLRKEQYF,5
SOC5T4_S60_L001_perRead,TCRB,AGGCAACTCTTCCG,CASSTGLYNEQFF,5
SOC5T4_S60_L001_perRead,TCRB,AGGCAACTCTTCCG,CASSPSDYSEQFF,5
SOC5T4_S60_L001_perRead,TCRB,AGGCAACTCTTCCG,CASSLAGTGVSTDTQYF,5
SOC5T4_S60_L001_perRead,TCRB,AGGCAACTCTTCCG,CASSAAGTVDTGELFF,5
SOC5T4_S60_L001_perRead,TCRA,TATGAATGCCTACC,CAVKRGSTLGRLYF,1
SOC5T4_S60_L001_perRead,TCRA,TACTACACTGAGCT,CGTEDNQGGKLIF,1
SOC5T4_S60_L001_perRead,TCRB,TACATCACAAGATG,CSQPVQAYGYTF,1
SOC5T4_S60_L001_perRead,TCRA,CAGGGCACCTGTGA,CAVSEDNQGGKLIF,1
SOC5T4_S60_L001_perRead,TCRB,CAGGGCACCTGTGA,CASSLEGTPRDEQYF,1
SOC5T4_S60_L001_perRead,TCRB,CACGACCTAGTCGT,CSATGGLYAETQYF,1
SOC5T4_S60_L001_perRead,TCRB,GGTAGTACGCCCTT,CASRKEDFYEQYF,1
SOC5T4_S60_L001_perRead,TCRA,ACGTCCTGCAGATC,CALGGSSNTGKLIF,1
SOC5T4_S60_L001_perRead,TCRB,GCACGGACTCTATC,CSARKGYTF,2
SOC5T4_S60_L001_perRead,TCRB,GCACGGACTCTATC,CSAFSDADTQYF,2
SOC5T4_S60_L001_perRead,TCRB,ACCAGCCTCCATGA,CASIESSEAFF,2
SOC5T4_S60_L001_perRead,TCRB,ACCAGCCTCCATGA,CASSLAGGSGGNTIYF,2
SOC5T4_S60_L001_perRead,TCRB,CTTTCAGAGTACGT,CASSYEAGGLEQYF,2
SOC5T4_S60_L001_perRead,TCRB,CTTTCAGAGTACGT,CASSAAGTVDTGELFF,2
SOC5T4_S60_L001_perRead,TCRB,GTGACCCTAACAGA,CATSVGGETQYF,1
SOC5T4_S60_L001_perRead,TCRA,TACGTACTCGTACA,CAYRSAGGSEKLVF,1
SOC5T4_S60_L001_perRead,TCRB,CCGGTACTACGCAT,CASSLVAGIGGYTF,3
SOC5T4_S60_L001_perRead,TCRB,CCGGTACTACGCAT,CASSHRPDRSGYTF,3
SOC5T4_S60_L001_perRead,TCRB,CCGGTACTACGCAT,CASSAIQGLEAFF,3
SOC5T4_S60_L001_perRead,TCRB,GCGAAGGAGCTATG,CASSLVRPEETQYF,7
SOC5T4_S60_L001_perRead,TCRB,GCGAAGGAGCTATG,CASSQGQGASYEQYF,7
SOC5T4_S60_L001_perRead,TCRB,GCGAAGGAGCTATG,CASSYEAGGLEQYF,7
SOC5T4_S60_L001_perRead,TCRB,GCGAAGGAGCTATG,CASSLGGNQPQHF,7
SOC5T4_S60_L001_perRead,TCRB,GCGAAGGAGCTATG,CSAPPVSGLATNEQFF,7
SOC5T4_S60_L001_perRead,TCRB,GCGAAGGAGCTATG,CASSLAGGSGGNTIYF,7
SOC5T4_S60_L001_perRead,TCRB,GCGAAGGAGCTATG,CASSFGLAGNGELFF,7
SOC5T4_S60_L001_perRead,TCRA,GATAGCACGATACC,CAASTGSSNTGKLIF,1
SOC5T4_S60_L001_perRead,TCRA,GGCACGTGAACGGG,CAVQNQAGTALIF,2
SOC5T4_S60_L001_perRead,TCRA,GGCACGTGAACGGG,CAATSSGGYNKLIF,2
SOC5T4_S60_L001_perRead,TCRA,ATTCCAACTTGCAG,CAMRGLLQGAQKLVF,1
SOC5T4_S60_L001_perRead,TCRB,ATTCCAACTTGCAG,CASSSPTSGIVSSYEQYF,3
SOC5T4_S60_L001_perRead,TCRB,ATTCCAACTTGCAG,CASSLGGNQPQHF,3
SOC5T4_S60_L001_perRead,TCRB,ATTCCAACTTGCAG,CASSAAGTVDTGELFF,3
SOC5T4_S60_L001_perRead,TCRB,GATCATCTCAAGCT,CASKRSPNTEAFF,1
SOC5T4_S60_L001_perRead,TCRB,TATACAGACGGAGA,CASSTGLYNEQFF,2
SOC5T4_S60_L001_perRead,TCRB,TATACAGACGGAGA,CASSAIQGLEAFF,2
SOC5T4_S60_L001_perRead,TCRB,CCTAAACTAATCGC,CASASGLAKNIQYF,2
SOC5T4_S60_L001_perRead,TCRB,CCTAAACTAATCGC,CSARRAGAMNEQFF,2
SOC5T4_S60_L001_perRead,TCRA,ACGCACCTACTCAG,CAVNLSNTGNQFYF,3
SOC5T4_S60_L001_perRead,TCRA,ACGCACCTACTCAG,CARPPYSSASKIIF,3
SOC5T4_S60_L001_perRead,TCRA,ACGCACCTACTCAG,CAVRGGNTGFQKLVF,3
SOC5T4_S60_L001_perRead,TCRB,AGGGCCACATTCTC,CSALAGGTYEQYF,1
SOC5T4_S60_L001_perRead,TCRB,GAATGCTGACACGT,CASSSGTGEGVVYGYTF,1
SOC5T4_S60_L001_perRead,TCRA,TCTCCACTAGCGTT,CALSPSGTYKYIF,1
SOC5T4_S60_L001_perRead,TCRB,TCTCCACTAGCGTT,CASSTGLYNEQFF,1
SOC5T4_S60_L001_perRead,TCRB,CACACCTGAGGTTC,CSALAGGTYEQYF,2
SOC5T4_S60_L001_perRead,TCRB,CACACCTGAGGTTC,CASSLAGFGGTVYNEQFF,2
SOC5T4_S60_L001_perRead,TCRB,CTCAGCTGCGTGAT,CASSYEAGGLEQYF,2
SOC5T4_S60_L001_perRead,TCRB,CTCAGCTGCGTGAT,CATSVGGETQYF,2
SOC5T4_S60_L001_perRead,TCRA,ATTAAGACGCTCCT,CIVRVADSWGKLQF,1
SOC5T4_S60_L001_perRead,TCRB,ATTAAGACGCTCCT,CASSFGDRVGYGYTF,2
SOC5T4_S60_L001_perRead,TCRB,ATTAAGACGCTCCT,CASRPGSFYGAKNIQYF,2
SOC5T4_S60_L001_perRead,TCRB,CAAGACTGTACTGG,CSALAGGTYEQYF,3
SOC5T4_S60_L001_perRead,TCRB,CAAGACTGTACTGG,CASRPGGSAYGYTF,3
SOC5T4_S60_L001_perRead,TCRB,CAAGACTGTACTGG,CASSAAGTVDTGELFF,3
SOC5T4_S60_L001_perRead,TCRB,ACGATCGAGCTCCT,CASSYEAGGLEQYF,1
SOC5T4_S60_L001_perRead,TCRB,GGAACTTGGGGCAA,CASSYEAGGLEQYF,2
SOC5T4_S60_L001_perRead,TCRB,GGAACTTGGGGCAA,CASSAAGTVDTGELFF,2
SOC5T4_S60_L001_perRead,TCRA,GATGCAACAGGAGC,CAVQNQAGTALIF,1
SOC5T4_S60_L001_perRead,TCRB,AGGACTTGGCGGAA,CASSLVRPEETQYF,1
SOC5T4_S60_L001_perRead,TCRB,TAACACCTTGGCAT,CASSLAGGSGGNTIYF,1
SOC5T4_S60_L001_perRead,TCRB,AAGTGCACAAGATG,CASSLLQGMSEKLFF,3
SOC5T4_S60_L001_perRead,TCRB,AAGTGCACAAGATG,CASSLVRPEETQYF,3
SOC5T4_S60_L001_perRead,TCRB,AAGTGCACAAGATG,CASSYEAGGLEQYF,3
SOC5T4_S60_L001_perRead,TCRB,TGCAGATGACGACT,CASSAAGTVDTGELFF,1
SOC5T4_S60_L001_perRead,TCRA,TAGACGTGTTCAGG,CAGAPGNQFYF,1
SOC5T4_S60_L001_perRead,TCRB,TTAGACCTCCTCAC,CASRLDGTKETQYF,2
SOC5T4_S60_L001_perRead,TCRB,TTAGACCTCCTCAC,CSATGLAGHIPSYNEQFF,2
SOC5T4_S60_L001_perRead,TCRA,AGACTTCTAACCTG,CAETLSNSGYALNF,2
SOC5T4_S60_L001_perRead,TCRA,AGACTTCTAACCTG,CAASTGSSNTGKLIF,2
SOC5T4_S60_L001_perRead,TCRB,AGACTTCTAACCTG,CSVESSGRLYEQFF,6
SOC5T4_S60_L001_perRead,TCRB,AGACTTCTAACCTG,CASSFWVTGANTEAFF,6
SOC5T4_S60_L001_perRead,TCRB,AGACTTCTAACCTG,CASSAIQGLEAFF,6
SOC5T4_S60_L001_perRead,TCRB,AGACTTCTAACCTG,CASKRSPNTEAFF,6
SOC5T4_S60_L001_perRead,TCRB,AGACTTCTAACCTG,CASSLGGNQPQHF,6
SOC5T4_S60_L001_perRead,TCRB,AGACTTCTAACCTG,CASSLAGFGGTVYNEQFF,6
SOC5T4_S60_L001_perRead,TCRB,GATTCTTGAGCAAA,CASSETGVKNIQYF,1
SOC5T4_S60_L001_perRead,TCRB,GTAGCCCTTTTGTC,CASSPLRKEQYF,3
SOC5T4_S60_L001_perRead,TCRB,GTAGCCCTTTTGTC,CASSPLARGNGYTF,3
SOC5T4_S60_L001_perRead,TCRB,GTAGCCCTTTTGTC,CASSLGGNQPQHF,3
SOC5T4_S60_L001_perRead,TCRA,ATTCAAGATGTGCA,CAGAPGNQFYF,1
SOC5T4_S60_L001_perRead,TCRB,ATTCAAGATGTGCA,CASRVSGVTNTGELFF,2
SOC5T4_S60_L001_perRead,TCRB,ATTCAAGATGTGCA,CSALAGGTYEQYF,2
SOC5T4_S60_L001_perRead,TCRB,CAGATGACTCGCTC,CASSPDRAGANVLTF,7
SOC5T4_S60_L001_perRead,TCRB,CAGATGACTCGCTC,CASSAAGTVDTGELFF,7
SOC5T4_S60_L001_perRead,TCRB,CAGATGACTCGCTC,CASSLVAGIGGYTF,7
SOC5T4_S60_L001_perRead,TCRB,CAGATGACTCGCTC,CASSFGDRVGYGYTF,7
SOC5T4_S60_L001_perRead,TCRB,CAGATGACTCGCTC,CASSLRQESEAFF,7
SOC5T4_S60_L001_perRead,TCRB,CAGATGACTCGCTC,CASSYREQFNEKLFF,7
SOC5T4_S60_L001_perRead,TCRB,CAGATGACTCGCTC,CASSFGLAGNGELFF,7
SOC5T4_S60_L001_perRead,TCRA,AACACTCTGATAGA,CAMRGLLQGAQKLVF,1
SOC5T4_S60_L001_perRead,TCRB,AACACTCTGATAGA,CASSPLRKEQYF,2
SOC5T4_S60_L001_perRead,TCRB,AACACTCTGATAGA,CASSAAGTVDTGELFF,2
SOC5T4_S60_L001_perRead,TCRA,TACATAGATCTAGG,CAETGYGGSQGNLIF,3
SOC5T4_S60_L001_perRead,TCRA,TACATAGATCTAGG,CAATSSGGYNKLIF,3
SOC5T4_S60_L001_perRead,TCRA,TACATAGATCTAGG,CAEKQNYGQNFVF,3
SOC5T4_S60_L001_perRead,TCRB,TACATAGATCTAGG,CASSAAGTVDTGELFF,6
SOC5T4_S60_L001_perRead,TCRB,TACATAGATCTAGG,CSVEDLIGGTQYF,6
SOC5T4_S60_L001_perRead,TCRB,TACATAGATCTAGG,CASSTGLYNEQFF,6
SOC5T4_S60_L001_perRead,TCRB,TACATAGATCTAGG,CASKRSPNTEAFF,6
SOC5T4_S60_L001_perRead,TCRB,TACATAGATCTAGG,CSARDPARPTDTQYF,6
SOC5T4_S60_L001_perRead,TCRB,TACATAGATCTAGG,CASSYEAGGLEQYF,6
SOC5T4_S60_L001_perRead,TCRA,AATCGGTGCCAAGT,CAYRSRETSGSRLTF,1
SOC5T4_S60_L001_perRead,TCRA,AGCACAACACTAGC,CAVAEYNNNDMRF,1
SOC5T4_S60_L001_perRead,TCRB,AGCACAACACTAGC,CASSLVRPEETQYF,2
SOC5T4_S60_L001_perRead,TCRB,AGCACAACACTAGC,CASSFGLAGNGELFF,2
SOC5T4_S60_L001_perRead,TCRA,AATACCCTCTGTGA,CALGVGTASKLTF,1
SOC5T4_S60_L001_perRead,TCRB,CCAGTGCTTGAGCT,CSALAGGTYEQYF,2
SOC5T4_S60_L001_perRead,TCRB,CCAGTGCTTGAGCT,CASSFGLRAGVGETQYF,2
SOC5T4_S60_L001_perRead,TCRB,TGATCACTGAGGAC,CSAFSDADTQYF,1
SOC5T4_S60_L001_perRead,TCRB,TGGACTGATTCCCG,CASSFSNSPLHF,1
SOC5T4_S60_L001_perRead,TCRB,CCTTAATGGTGTAC,CASSLEGTPRDEQYF,2
SOC5T4_S60_L001_perRead,TCRB,CCTTAATGGTGTAC,CASSAAGTVDTGELFF,2
SOC5T4_S60_L001_perRead,TCRB,CGTACCTGAGGAGC,CSALAGGTYEQYF,1
SOC5T4_S60_L001_perRead,TCRB,TTTCCAGAGTTTCT,CSVEGAGRIGYTF,1
SOC5T4_S60_L001_perRead,TCRB,AGCTGTGAAGAACA,CSVESSGRLYEQFF,1
SOC5T4_S60_L001_perRead,TCRB,AGATATACGGAAAT,CASSPLARGNGYTF,1
SOC5T4_S60_L001_perRead,TCRB,CCTTAATGGGTAGG,CSATGNTEAFF,1
SOC5T4_S60_L001_perRead,TCRA,CCATTAACTCCCAC,CAVRRGGNTGKLIF,1
SOC5T4_S60_L001_perRead,TCRA,ATAGATTGCTGACA,CATDSGGYQKVTF,2
SOC5T4_S60_L001_perRead,TCRA,ATAGATTGCTGACA,CGTEIGGATNKLIF,2
SOC5T4_S60_L001_perRead,TCRB,ATAGATTGCTGACA,CASSTGLYNEQFF,3
SOC5T4_S60_L001_perRead,TCRB,ATAGATTGCTGACA,CASSPPRKLVANEQFF,3
SOC5T4_S60_L001_perRead,TCRB,ATAGATTGCTGACA,CASSAAGTVDTGELFF,3
SOC5T4_S60_L001_perRead,TCRB,CCGGTACTTCCCAC,CASSAAGTVDTGELFF,6
SOC5T4_S60_L001_perRead,TCRB,CCGGTACTTCCCAC,CASSSQGGNNEQFF,6
SOC5T4_S60_L001_perRead,TCRB,CCGGTACTTCCCAC,CASSTGLYNEQFF,6
SOC5T4_S60_L001_perRead,TCRB,CCGGTACTTCCCAC,CSVEDGGPSYEQYF,6
SOC5T4_S60_L001_perRead,TCRB,CCGGTACTTCCCAC,CASNPTGADEQYF,6
SOC5T4_S60_L001_perRead,TCRB,CCGGTACTTCCCAC,CASSFGLRAGVGETQYF,6
SOC5T4_S60_L001_perRead,TCRB,GCAGTCCTGGATTC,CSALGVSGSLNEQYF,4
SOC5T4_S60_L001_perRead,TCRB,GCAGTCCTGGATTC,CASSLVRPEETQYF,4
SOC5T4_S60_L001_perRead,TCRB,GCAGTCCTGGATTC,CASSYEAGGLEQYF,4
SOC5T4_S60_L001_perRead,TCRB,GCAGTCCTGGATTC,CASSSRRWGGDGYTF,4
SOC5T4_S60_L001_perRead,TCRB,GTCTAGGATCTCGC,CSARPGVRQDEKLFF,5
SOC5T4_S60_L001_perRead,TCRB,GTCTAGGATCTCGC,CSALAGGTYEQYF,5
SOC5T4_S60_L001_perRead,TCRB,GTCTAGGATCTCGC,CASSLAGGSGGNTIYF,5
SOC5T4_S60_L001_perRead,TCRB,GTCTAGGATCTCGC,CASSKRTSGRDNEQFF,5
SOC5T4_S60_L001_perRead,TCRB,GTCTAGGATCTCGC,CSAFSDADTQYF,5
SOC5T4_S60_L001_perRead,TCRB,AAGTCTCTACGACT,CASSETGVKNIQYF,1
SOC5T4_S60_L001_perRead,TCRA,TGTAGTCTCGTTGA,CALGGSSNTGKLIF,2
SOC5T4_S60_L001_perRead,TCRA,TGTAGTCTCGTTGA,CATDEGAAGNKLTF,2
SOC5T4_S60_L001_perRead,TCRB,TGTAGTCTCGTTGA,CSARFGGGSSNQPQHF,1
SOC5T4_S60_L001_perRead,TCRB,ATGAGCACAAGTGA,CASRPGGSAYGYTF,1
SOC5T4_S60_L001_perRead,TCRB,AATCGGTGTGGAGG,CASSLGGNQPQHF,1
SOC5T4_S60_L001_perRead,TCRB,ACAAAGGATGTGCA,CASSLVRPEETQYF,4
SOC5T4_S60_L001_perRead,TCRB,ACAAAGGATGTGCA,CASSYEAGGLEQYF,4
SOC5T4_S60_L001_perRead,TCRB,ACAAAGGATGTGCA,CSARKGYTF,4
SOC5T4_S60_L001_perRead,TCRB,ACAAAGGATGTGCA,CASSAAGTVDTGELFF,4
SOC5T4_S60_L001_perRead,TCRA,TCGGTAGATCACGA,CAATSSGGYNKLIF,1
SOC5T4_S60_L001_perRead,TCRB,CATCCCGAATGCTG,CASSAAGTVDTGELFF,1
SOC5T4_S60_L001_perRead,TCRB,TCGTTATGTCTAGG,CSALGVSGSLNEQYF,1
SOC5T4_S60_L001_perRead,TCRA,TATAGCCTGAGATA,CALSVLRSNDYKLSF,1
SOC5T4_S60_L001_perRead,TCRA,GCTCAGCTGCTCCT,CADIDDDSWGKLQF,1
SOC5T4_S60_L001_perRead,TCRA,ATAAACACTATGCG,CALNNAGNMLTF,1
SOC5T4_S60_L001_perRead,TCRB,ATAAACACTATGCG,CASSTGLYNEQFF,3
SOC5T4_S60_L001_perRead,TCRB,ATAAACACTATGCG,CASSFGLRAGVGETQYF,3
SOC5T4_S60_L001_perRead,TCRB,ATAAACACTATGCG,CSVDLLRDRGGSDTQYF,3
